"FIPS","County","State"
"01001","Autauga","ALABAMA"
"01003","Baldwin","ALABAMA"
"01005","Barbour","ALABAMA"
"01007","Bibb","ALABAMA"
"01009","Blount","ALABAMA"
"01011","Bullock","ALABAMA"
"01013","Butler","ALABAMA"
"01015","Calhoun","ALABAMA"
"01017","Chambers","ALABAMA"
"01019","Cherokee","ALABAMA"
"01021","Chilton","ALABAMA"
"01023","Choctaw","ALABAMA"
"01025","Clarke","ALABAMA"
"01027","Clay","ALABAMA"
"01029","Cleburne","ALABAMA"
"01031","Coffee","ALABAMA"
"01033","Colbert","ALABAMA"
"01035","Conecuh","ALABAMA"
"01037","Coosa","ALABAMA"
"01039","Covington","ALABAMA"
"01041","Crenshaw","ALABAMA"
"01043","Cullman","ALABAMA"
"01045","Dale","ALABAMA"
"01047","Dallas","ALABAMA"
"01049","De Kalb","ALABAMA"
"01051","Elmore","ALABAMA"
"01053","Escambia","ALABAMA"
"01055","Etowah","ALABAMA"
"01057","Fayette","ALABAMA"
"01059","Franklin","ALABAMA"
"01061","Geneva","ALABAMA"
"01063","Greene","ALABAMA"
"01065","Hale","ALABAMA"
"01067","Henry","ALABAMA"
"01069","Houston","ALABAMA"
"01071","Jackson","ALABAMA"
"01073","Jefferson","ALABAMA"
"01075","Lamar","ALABAMA"
"01077","Lauderdale","ALABAMA"
"01079","Lawrence","ALABAMA"
"01081","Lee","ALABAMA"
"01083","Limestone","ALABAMA"
"01085","Lowndes","ALABAMA"
"01087","Macon","ALABAMA"
"01089","Madison","ALABAMA"
"01091","Marengo","ALABAMA"
"01093","Marion","ALABAMA"
"01095","Marshall","ALABAMA"
"01097","Mobile","ALABAMA"
"01099","Monroe","ALABAMA"
"01101","Montgomery","ALABAMA"
"01103","Morgan","ALABAMA"
"01105","Perry","ALABAMA"
"01107","Pickens","ALABAMA"
"01109","Pike","ALABAMA"
"01111","Randolph","ALABAMA"
"01113","Russell","ALABAMA"
"01115","St Clair","ALABAMA"
"01117","Shelby","ALABAMA"
"01119","Sumter","ALABAMA"
"01121","Talladega","ALABAMA"
"01123","Tallapoosa","ALABAMA"
"01125","Tuscaloosa","ALABAMA"
"01127","Walker","ALABAMA"
"01129","Washington","ALABAMA"
"01131","Wilcox","ALABAMA"
"01133","Winston","ALABAMA"
"02013","Aleutians East","ALASKA"
"02016","Aleutians West","ALASKA"
"02020","Anchorage","ALASKA"
"02050","Bethel","ALASKA"
"02060","Bristol Bay","ALASKA"
"02068","Denali","ALASKA"
"02070","Dillingham","ALASKA"
"02090","Fairbanks North Star","ALASKA"
"02100","Haines","ALASKA"
"02110","Juneau","ALASKA"
"02122","Kenai Peninsula","ALASKA"
"02130","Ketchikan Gateway","ALASKA"
"02150","Kodiak Island","ALASKA"
"02164","Lake and Peninsula","ALASKA"
"02170","Matanuska-Susitna","ALASKA"
"02180","Nome","ALASKA"
"02185","North Slope","ALASKA"
"02188","Northwest Arctic","ALASKA"
"02201","Prince of Wales-Outer Ketchikan","ALASKA"
"02220","Sitka","ALASKA"
"02232","Skagway-Hoonah-Angoon","ALASKA"
"02240","Southeast Fairbanks","ALASKA"
"02261","Valdez-Cordova","ALASKA"
"02270","Wade Hampton","ALASKA"
"02280","Wrangell-Petersburg","ALASKA"
"02282","Yakutat","ALASKA"
"02290","Yukon-Koyukuk","ALASKA"
"04001","Apache","ARIZONA"
"04003","Cochise","ARIZONA"
"04005","Coconino","ARIZONA"
"04007","Gila","ARIZONA"
"04009","Graham","ARIZONA"
"04011","Greenlee","ARIZONA"
"04012","La Paz","ARIZONA"
"04013","Maricopa","ARIZONA"
"04015","Mohave","ARIZONA"
"04017","Navajo","ARIZONA"
"04019","Pima","ARIZONA"
"04021","Pinal","ARIZONA"
"04023","Santa Cruz","ARIZONA"
"04025","Yavapai","ARIZONA"
"04027","Yuma","ARIZONA"
"05001","Arkansas","ARKANSAS"
"05003","Ashley","ARKANSAS"
"05005","Baxter","ARKANSAS"
"05007","Benton","ARKANSAS"
"05009","Boone","ARKANSAS"
"05011","Bradley","ARKANSAS"
"05013","Calhoun","ARKANSAS"
"05015","Carroll","ARKANSAS"
"05017","Chicot","ARKANSAS"
"05019","Clark","ARKANSAS"
"05021","Clay","ARKANSAS"
"05023","Cleburne","ARKANSAS"
"05025","Cleveland","ARKANSAS"
"05027","Columbia","ARKANSAS"
"05029","Conway","ARKANSAS"
"05031","Craighead","ARKANSAS"
"05033","Crawford","ARKANSAS"
"05035","Crittenden","ARKANSAS"
"05037","Cross","ARKANSAS"
"05039","Dallas","ARKANSAS"
"05041","Desha","ARKANSAS"
"05043","Drew","ARKANSAS"
"05045","Faulkner","ARKANSAS"
"05047","Franklin","ARKANSAS"
"05049","Fulton","ARKANSAS"
"05051","Garland","ARKANSAS"
"05053","Grant","ARKANSAS"
"05055","Greene","ARKANSAS"
"05057","Hempstead","ARKANSAS"
"05059","Hot Spring","ARKANSAS"
"05061","Howard","ARKANSAS"
"05063","Independence","ARKANSAS"
"05065","Izard","ARKANSAS"
"05067","Jackson","ARKANSAS"
"05069","Jefferson","ARKANSAS"
"05071","Johnson","ARKANSAS"
"05073","Lafayette","ARKANSAS"
"05075","Lawrence","ARKANSAS"
"05077","Lee","ARKANSAS"
"05079","Lincoln","ARKANSAS"
"05081","Little River","ARKANSAS"
"05083","Logan","ARKANSAS"
"05085","Lonoke","ARKANSAS"
"05087","Madison","ARKANSAS"
"05089","Marion","ARKANSAS"
"05091","Miller","ARKANSAS"
"05093","Mississippi","ARKANSAS"
"05095","Monroe","ARKANSAS"
"05097","Montgomery","ARKANSAS"
"05099","Nevada","ARKANSAS"
"05101","Newton","ARKANSAS"
"05103","Ouachita","ARKANSAS"
"05105","Perry","ARKANSAS"
"05107","Phillips","ARKANSAS"
"05109","Pike","ARKANSAS"
"05111","Poinsett","ARKANSAS"
"05113","Polk","ARKANSAS"
"05115","Pope","ARKANSAS"
"05117","Prairie","ARKANSAS"
"05119","Pulaski","ARKANSAS"
"05121","Randolph","ARKANSAS"
"05123","St Francis","ARKANSAS"
"05125","Saline","ARKANSAS"
"05127","Scott","ARKANSAS"
"05129","Searcy","ARKANSAS"
"05131","Sebastian","ARKANSAS"
"05133","Sevier","ARKANSAS"
"05135","Sharp","ARKANSAS"
"05137","Stone","ARKANSAS"
"05139","Union","ARKANSAS"
"05141","Van Buren","ARKANSAS"
"05143","Washington","ARKANSAS"
"05145","White","ARKANSAS"
"05147","Woodruff","ARKANSAS"
"05149","Yell","ARKANSAS"
"06001","Alameda","CALIFORNIA"
"06003","Alpine","CALIFORNIA"
"06005","Amador","CALIFORNIA"
"06007","Butte","CALIFORNIA"
"06009","Calaveras","CALIFORNIA"
"06011","Colusa","CALIFORNIA"
"06013","Contra Costa","CALIFORNIA"
"06015","Del Norte","CALIFORNIA"
"06017","El Dorado","CALIFORNIA"
"06019","Fresno","CALIFORNIA"
"06021","Glenn","CALIFORNIA"
"06023","Humboldt","CALIFORNIA"
"06025","Imperial","CALIFORNIA"
"06027","Inyo","CALIFORNIA"
"06029","Kern","CALIFORNIA"
"06031","Kings","CALIFORNIA"
"06033","Lake","CALIFORNIA"
"06035","Lassen","CALIFORNIA"
"06037","Los Angeles","CALIFORNIA"
"06039","Madera","CALIFORNIA"
"06041","Marin","CALIFORNIA"
"06043","Mariposa","CALIFORNIA"
"06045","Mendocino","CALIFORNIA"
"06047","Merced","CALIFORNIA"
"06049","Modoc","CALIFORNIA"
"06051","Mono","CALIFORNIA"
"06053","Monterey","CALIFORNIA"
"06055","Napa","CALIFORNIA"
"06057","Nevada","CALIFORNIA"
"06059","Orange","CALIFORNIA"
"06061","Placer","CALIFORNIA"
"06063","Plumas","CALIFORNIA"
"06065","Riverside","CALIFORNIA"
"06067","Sacramento","CALIFORNIA"
"06069","San Benito","CALIFORNIA"
"06071","San Bernardino","CALIFORNIA"
"06073","San Diego","CALIFORNIA"
"06075","San Francisco","CALIFORNIA"
"06077","San Joaquin","CALIFORNIA"
"06079","San Luis Obispo","CALIFORNIA"
"06081","San Mateo","CALIFORNIA"
"06083","Santa Barbara","CALIFORNIA"
"06085","Santa Clara","CALIFORNIA"
"06087","Santa Cruz","CALIFORNIA"
"06089","Shasta","CALIFORNIA"
"06091","Sierra","CALIFORNIA"
"06093","Siskiyou","CALIFORNIA"
"06095","Solano","CALIFORNIA"
"06097","Sonoma","CALIFORNIA"
"06099","Stanislaus","CALIFORNIA"
"06101","Sutter","CALIFORNIA"
"06103","Tehama","CALIFORNIA"
"06105","Trinity","CALIFORNIA"
"06107","Tulare","CALIFORNIA"
"06109","Tuolumne","CALIFORNIA"
"06111","Ventura","CALIFORNIA"
"06113","Yolo","CALIFORNIA"
"06115","Yuba","CALIFORNIA"
"08001","Adams","COLORADO"
"08003","Alamosa","COLORADO"
"08005","Arapahoe","COLORADO"
"08007","Archuleta","COLORADO"
"08009","Baca","COLORADO"
"08011","Bent","COLORADO"
"08013","Boulder","COLORADO"
"08015","Chaffee","COLORADO"
"08017","Cheyenne","COLORADO"
"08019","Clear Creek","COLORADO"
"08021","Conejos","COLORADO"
"08023","Costilla","COLORADO"
"08025","Crowley","COLORADO"
"08027","Custer","COLORADO"
"08029","Delta","COLORADO"
"08031","Denver","COLORADO"
"08033","Dolores","COLORADO"
"08035","Douglas","COLORADO"
"08037","Eagle","COLORADO"
"08039","Elbert","COLORADO"
"08041","El Paso","COLORADO"
"08043","Fremont","COLORADO"
"08045","Garfield","COLORADO"
"08047","Gilpin","COLORADO"
"08049","Grand","COLORADO"
"08051","Gunnison","COLORADO"
"08053","Hinsdale","COLORADO"
"08055","Huerfano","COLORADO"
"08057","Jackson","COLORADO"
"08059","Jefferson","COLORADO"
"08061","Kiowa","COLORADO"
"08063","Kit Carson","COLORADO"
"08065","Lake","COLORADO"
"08067","La Plata","COLORADO"
"08069","Larimer","COLORADO"
"08071","Las Animas","COLORADO"
"08073","Lincoln","COLORADO"
"08075","Logan","COLORADO"
"08077","Mesa","COLORADO"
"08079","Mineral","COLORADO"
"08081","Moffat","COLORADO"
"08083","Montezuma","COLORADO"
"08085","Montrose","COLORADO"
"08087","Morgan","COLORADO"
"08089","Otero","COLORADO"
"08091","Ouray","COLORADO"
"08093","Park","COLORADO"
"08095","Phillips","COLORADO"
"08097","Pitkin","COLORADO"
"08099","Prowers","COLORADO"
"08101","Pueblo","COLORADO"
"08103","Rio Blanco","COLORADO"
"08105","Rio Grande","COLORADO"
"08107","Routt","COLORADO"
"08109","Saguache","COLORADO"
"08111","San Juan","COLORADO"
"08113","San Miguel","COLORADO"
"08115","Sedgwick","COLORADO"
"08117","Summit","COLORADO"
"08119","Teller","COLORADO"
"08121","Washington","COLORADO"
"08123","Weld","COLORADO"
"08125","Yuma","COLORADO"
"09001","Fairfield","CONNECTICUT"
"09003","Hartford","CONNECTICUT"
"09005","Litchfield","CONNECTICUT"
"09007","Middlesex","CONNECTICUT"
"09009","New Haven","CONNECTICUT"
"09011","New London","CONNECTICUT"
"09013","Tolland","CONNECTICUT"
"09015","Windham","CONNECTICUT"
"10001","Kent","DELAWARE"
"10003","New Castle","DELAWARE"
"10005","Sussex","DELAWARE"
"11001","Washington","DISTRICT OF COLUMBIA"
"12001","Alachua","FLORIDA"
"12003","Baker","FLORIDA"
"12005","Bay","FLORIDA"
"12007","Bradford","FLORIDA"
"12009","Brevard","FLORIDA"
"12011","Broward","FLORIDA"
"12013","Calhoun","FLORIDA"
"12015","Charlotte","FLORIDA"
"12017","Citrus","FLORIDA"
"12019","Clay","FLORIDA"
"12021","Collier","FLORIDA"
"12023","Columbia","FLORIDA"
"12027","De Soto","FLORIDA"
"12029","Dixie","FLORIDA"
"12031","Duval","FLORIDA"
"12033","Escambia","FLORIDA"
"12035","Flagler","FLORIDA"
"12037","Franklin","FLORIDA"
"12039","Gadsden","FLORIDA"
"12041","Gilchrist","FLORIDA"
"12043","Glades","FLORIDA"
"12045","Gulf","FLORIDA"
"12047","Hamilton","FLORIDA"
"12049","Hardee","FLORIDA"
"12051","Hendry","FLORIDA"
"12053","Hernando","FLORIDA"
"12055","Highlands","FLORIDA"
"12057","Hillsborough","FLORIDA"
"12059","Holmes","FLORIDA"
"12061","Indian River","FLORIDA"
"12063","Jackson","FLORIDA"
"12065","Jefferson","FLORIDA"
"12067","Lafayette","FLORIDA"
"12069","Lake","FLORIDA"
"12071","Lee","FLORIDA"
"12073","Leon","FLORIDA"
"12075","Levy","FLORIDA"
"12077","Liberty","FLORIDA"
"12079","Madison","FLORIDA"
"12081","Manatee","FLORIDA"
"12083","Marion","FLORIDA"
"12085","Martin","FLORIDA"
"12086","Miami-Dade","FLORIDA"
"12087","Monroe","FLORIDA"
"12089","Nassau","FLORIDA"
"12091","Okaloosa","FLORIDA"
"12093","Okeechobee","FLORIDA"
"12095","Orange","FLORIDA"
"12097","Osceola","FLORIDA"
"12099","Palm Beach","FLORIDA"
"12101","Pasco","FLORIDA"
"12103","Pinellas","FLORIDA"
"12105","Polk","FLORIDA"
"12107","Putnam","FLORIDA"
"12109","St Johns","FLORIDA"
"12111","St Lucie","FLORIDA"
"12113","Santa Rosa","FLORIDA"
"12115","Sarasota","FLORIDA"
"12117","Seminole","FLORIDA"
"12119","Sumter","FLORIDA"
"12121","Suwannee","FLORIDA"
"12123","Taylor","FLORIDA"
"12125","Union","FLORIDA"
"12127","Volusia","FLORIDA"
"12129","Wakulla","FLORIDA"
"12131","Walton","FLORIDA"
"12133","Washington","FLORIDA"
"13001","Appling","GEORGIA"
"13003","Atkinson","GEORGIA"
"13005","Bacon","GEORGIA"
"13007","Baker","GEORGIA"
"13009","Baldwin","GEORGIA"
"13011","Banks","GEORGIA"
"13013","Barrow","GEORGIA"
"13015","Bartow","GEORGIA"
"13017","Ben Hill","GEORGIA"
"13019","Berrien","GEORGIA"
"13021","Bibb","GEORGIA"
"13023","Bleckley","GEORGIA"
"13025","Brantley","GEORGIA"
"13027","Brooks","GEORGIA"
"13029","Bryan","GEORGIA"
"13031","Bulloch","GEORGIA"
"13033","Burke","GEORGIA"
"13035","Butts","GEORGIA"
"13037","Calhoun","GEORGIA"
"13039","Camden","GEORGIA"
"13043","Candler","GEORGIA"
"13045","Carroll","GEORGIA"
"13047","Catoosa","GEORGIA"
"13049","Charlton","GEORGIA"
"13051","Chatham","GEORGIA"
"13053","Chattahoochee","GEORGIA"
"13055","Chattooga","GEORGIA"
"13057","Cherokee","GEORGIA"
"13059","Clarke","GEORGIA"
"13061","Clay","GEORGIA"
"13063","Clayton","GEORGIA"
"13065","Clinch","GEORGIA"
"13067","Cobb","GEORGIA"
"13069","Coffee","GEORGIA"
"13071","Colquitt","GEORGIA"
"13073","Columbia","GEORGIA"
"13075","Cook","GEORGIA"
"13077","Coweta","GEORGIA"
"13079","Crawford","GEORGIA"
"13081","Crisp","GEORGIA"
"13083","Dade","GEORGIA"
"13085","Dawson","GEORGIA"
"13087","Decatur","GEORGIA"
"13089","De Kalb","GEORGIA"
"13091","Dodge","GEORGIA"
"13093","Dooly","GEORGIA"
"13095","Dougherty","GEORGIA"
"13097","Douglas","GEORGIA"
"13099","Early","GEORGIA"
"13101","Echols","GEORGIA"
"13103","Effingham","GEORGIA"
"13105","Elbert","GEORGIA"
"13107","Emanuel","GEORGIA"
"13109","Evans","GEORGIA"
"13111","Fannin","GEORGIA"
"13113","Fayette","GEORGIA"
"13115","Floyd","GEORGIA"
"13117","Forsyth","GEORGIA"
"13119","Franklin","GEORGIA"
"13121","Fulton","GEORGIA"
"13123","Gilmer","GEORGIA"
"13125","Glascock","GEORGIA"
"13127","Glynn","GEORGIA"
"13129","Gordon","GEORGIA"
"13131","Grady","GEORGIA"
"13133","Greene","GEORGIA"
"13135","Gwinnett","GEORGIA"
"13137","Habersham","GEORGIA"
"13139","Hall","GEORGIA"
"13141","Hancock","GEORGIA"
"13143","Haralson","GEORGIA"
"13145","Harris","GEORGIA"
"13147","Hart","GEORGIA"
"13149","Heard","GEORGIA"
"13151","Henry","GEORGIA"
"13153","Houston","GEORGIA"
"13155","Irwin","GEORGIA"
"13157","Jackson","GEORGIA"
"13159","Jasper","GEORGIA"
"13161","Jeff Davis","GEORGIA"
"13163","Jefferson","GEORGIA"
"13165","Jenkins","GEORGIA"
"13167","Johnson","GEORGIA"
"13169","Jones","GEORGIA"
"13171","Lamar","GEORGIA"
"13173","Lanier","GEORGIA"
"13175","Laurens","GEORGIA"
"13177","Lee","GEORGIA"
"13179","Liberty","GEORGIA"
"13181","Lincoln","GEORGIA"
"13183","Long","GEORGIA"
"13185","Lowndes","GEORGIA"
"13187","Lumpkin","GEORGIA"
"13189","McDuffie","GEORGIA"
"13191","McIntosh","GEORGIA"
"13193","Macon","GEORGIA"
"13195","Madison","GEORGIA"
"13197","Marion","GEORGIA"
"13199","Meriwether","GEORGIA"
"13201","Miller","GEORGIA"
"13205","Mitchell","GEORGIA"
"13207","Monroe","GEORGIA"
"13209","Montgomery","GEORGIA"
"13211","Morgan","GEORGIA"
"13213","Murray","GEORGIA"
"13215","Muscogee","GEORGIA"
"13217","Newton","GEORGIA"
"13219","Oconee","GEORGIA"
"13221","Oglethorpe","GEORGIA"
"13223","Paulding","GEORGIA"
"13225","Peach","GEORGIA"
"13227","Pickens","GEORGIA"
"13229","Pierce","GEORGIA"
"13231","Pike","GEORGIA"
"13233","Polk","GEORGIA"
"13235","Pulaski","GEORGIA"
"13237","Putnam","GEORGIA"
"13239","Quitman","GEORGIA"
"13241","Rabun","GEORGIA"
"13243","Randolph","GEORGIA"
"13245","Richmond","GEORGIA"
"13247","Rockdale","GEORGIA"
"13249","Schley","GEORGIA"
"13251","Screven","GEORGIA"
"13253","Seminole","GEORGIA"
"13255","Spalding","GEORGIA"
"13257","Stephens","GEORGIA"
"13259","Stewart","GEORGIA"
"13261","Sumter","GEORGIA"
"13263","Talbot","GEORGIA"
"13265","Taliaferro","GEORGIA"
"13267","Tattnall","GEORGIA"
"13269","Taylor","GEORGIA"
"13271","Telfair","GEORGIA"
"13273","Terrell","GEORGIA"
"13275","Thomas","GEORGIA"
"13277","Tift","GEORGIA"
"13279","Toombs","GEORGIA"
"13281","Towns","GEORGIA"
"13283","Treutlen","GEORGIA"
"13285","Troup","GEORGIA"
"13287","Turner","GEORGIA"
"13289","Twiggs","GEORGIA"
"13291","Union","GEORGIA"
"13293","Upson","GEORGIA"
"13295","Walker","GEORGIA"
"13297","Walton","GEORGIA"
"13299","Ware","GEORGIA"
"13301","Warren","GEORGIA"
"13303","Washington","GEORGIA"
"13305","Wayne","GEORGIA"
"13307","Webster","GEORGIA"
"13309","Wheeler","GEORGIA"
"13311","White","GEORGIA"
"13313","Whitfield","GEORGIA"
"13315","Wilcox","GEORGIA"
"13317","Wilkes","GEORGIA"
"13319","Wilkinson","GEORGIA"
"13321","Worth","GEORGIA"
"15001","Hawaii","HAWAII"
"15003","Honolulu","HAWAII"
"15007","Kauai","HAWAII"
"15009","Maui","HAWAII"
"16001","Ada","IDAHO"
"16003","Adams","IDAHO"
"16005","Bannock","IDAHO"
"16007","Bear Lake","IDAHO"
"16009","Benewah","IDAHO"
"16011","Bingham","IDAHO"
"16013","Blaine","IDAHO"
"16015","Boise","IDAHO"
"16017","Bonner","IDAHO"
"16019","Bonneville","IDAHO"
"16021","Boundary","IDAHO"
"16023","Butte","IDAHO"
"16025","Camas","IDAHO"
"16027","Canyon","IDAHO"
"16029","Caribou","IDAHO"
"16031","Cassia","IDAHO"
"16033","Clark","IDAHO"
"16035","Clearwater","IDAHO"
"16037","Custer","IDAHO"
"16039","Elmore","IDAHO"
"16041","Franklin","IDAHO"
"16043","Fremont","IDAHO"
"16045","Gem","IDAHO"
"16047","Gooding","IDAHO"
"16049","Idaho","IDAHO"
"16051","Jefferson","IDAHO"
"16053","Jerome","IDAHO"
"16055","Kootenai","IDAHO"
"16057","Latah","IDAHO"
"16059","Lemhi","IDAHO"
"16061","Lewis","IDAHO"
"16063","Lincoln","IDAHO"
"16065","Madison","IDAHO"
"16067","Minidoka","IDAHO"
"16069","Nez Perce","IDAHO"
"16071","Oneida","IDAHO"
"16073","Owyhee","IDAHO"
"16075","Payette","IDAHO"
"16077","Power","IDAHO"
"16079","Shoshone","IDAHO"
"16081","Teton","IDAHO"
"16083","Twin Falls","IDAHO"
"16085","Valley","IDAHO"
"16087","Washington","IDAHO"
"17001","Adams","ILLINOIS"
"17003","Alexander","ILLINOIS"
"17005","Bond","ILLINOIS"
"17007","Boone","ILLINOIS"
"17009","Brown","ILLINOIS"
"17011","Bureau","ILLINOIS"
"17013","Calhoun","ILLINOIS"
"17015","Carroll","ILLINOIS"
"17017","Cass","ILLINOIS"
"17019","Champaign","ILLINOIS"
"17021","Christian","ILLINOIS"
"17023","Clark","ILLINOIS"
"17025","Clay","ILLINOIS"
"17027","Clinton","ILLINOIS"
"17029","Coles","ILLINOIS"
"17031","Cook","ILLINOIS"
"17033","Crawford","ILLINOIS"
"17035","Cumberland","ILLINOIS"
"17037","De Kalb","ILLINOIS"
"17039","De Witt","ILLINOIS"
"17041","Douglas","ILLINOIS"
"17043","Du Page","ILLINOIS"
"17045","Edgar","ILLINOIS"
"17047","Edwards","ILLINOIS"
"17049","Effingham","ILLINOIS"
"17051","Fayette","ILLINOIS"
"17053","Ford","ILLINOIS"
"17055","Franklin","ILLINOIS"
"17057","Fulton","ILLINOIS"
"17059","Gallatin","ILLINOIS"
"17061","Greene","ILLINOIS"
"17063","Grundy","ILLINOIS"
"17065","Hamilton","ILLINOIS"
"17067","Hancock","ILLINOIS"
"17069","Hardin","ILLINOIS"
"17071","Henderson","ILLINOIS"
"17073","Henry","ILLINOIS"
"17075","Iroquois","ILLINOIS"
"17077","Jackson","ILLINOIS"
"17079","Jasper","ILLINOIS"
"17081","Jefferson","ILLINOIS"
"17083","Jersey","ILLINOIS"
"17085","Jo Daviess","ILLINOIS"
"17087","Johnson","ILLINOIS"
"17089","Kane","ILLINOIS"
"17091","Kankakee","ILLINOIS"
"17093","Kendall","ILLINOIS"
"17095","Knox","ILLINOIS"
"17097","Lake","ILLINOIS"
"17099","La Salle","ILLINOIS"
"17101","Lawrence","ILLINOIS"
"17103","Lee","ILLINOIS"
"17105","Livingston","ILLINOIS"
"17107","Logan","ILLINOIS"
"17109","McDonough","ILLINOIS"
"17111","McHenry","ILLINOIS"
"17113","McLean","ILLINOIS"
"17115","Macon","ILLINOIS"
"17117","Macoupin","ILLINOIS"
"17119","Madison","ILLINOIS"
"17121","Marion","ILLINOIS"
"17123","Marshall","ILLINOIS"
"17125","Mason","ILLINOIS"
"17127","Massac","ILLINOIS"
"17129","Menard","ILLINOIS"
"17131","Mercer","ILLINOIS"
"17133","Monroe","ILLINOIS"
"17135","Montgomery","ILLINOIS"
"17137","Morgan","ILLINOIS"
"17139","Moultrie","ILLINOIS"
"17141","Ogle","ILLINOIS"
"17143","Peoria","ILLINOIS"
"17145","Perry","ILLINOIS"
"17147","Piatt","ILLINOIS"
"17149","Pike","ILLINOIS"
"17151","Pope","ILLINOIS"
"17153","Pulaski","ILLINOIS"
"17155","Putnam","ILLINOIS"
"17157","Randolph","ILLINOIS"
"17159","Richland","ILLINOIS"
"17161","Rock Island","ILLINOIS"
"17163","St Clair","ILLINOIS"
"17165","Saline","ILLINOIS"
"17167","Sangamon","ILLINOIS"
"17169","Schuyler","ILLINOIS"
"17171","Scott","ILLINOIS"
"17173","Shelby","ILLINOIS"
"17175","Stark","ILLINOIS"
"17177","Stephenson","ILLINOIS"
"17179","Tazewell","ILLINOIS"
"17181","Union","ILLINOIS"
"17183","Vermilion","ILLINOIS"
"17185","Wabash","ILLINOIS"
"17187","Warren","ILLINOIS"
"17189","Washington","ILLINOIS"
"17191","Wayne","ILLINOIS"
"17193","White","ILLINOIS"
"17195","Whiteside","ILLINOIS"
"17197","Will","ILLINOIS"
"17199","Williamson","ILLINOIS"
"17201","Winnebago","ILLINOIS"
"17203","Woodford","ILLINOIS"
"18001","Adams","INDIANA"
"18003","Allen","INDIANA"
"18005","Bartholomew","INDIANA"
"18007","Benton","INDIANA"
"18009","Blackford","INDIANA"
"18011","Boone","INDIANA"
"18013","Brown","INDIANA"
"18015","Carroll","INDIANA"
"18017","Cass","INDIANA"
"18019","Clark","INDIANA"
"18021","Clay","INDIANA"
"18023","Clinton","INDIANA"
"18025","Crawford","INDIANA"
"18027","Daviess","INDIANA"
"18029","Dearborn","INDIANA"
"18031","Decatur","INDIANA"
"18033","De Kalb","INDIANA"
"18035","Delaware","INDIANA"
"18037","Dubois","INDIANA"
"18039","Elkhart","INDIANA"
"18041","Fayette","INDIANA"
"18043","Floyd","INDIANA"
"18045","Fountain","INDIANA"
"18047","Franklin","INDIANA"
"18049","Fulton","INDIANA"
"18051","Gibson","INDIANA"
"18053","Grant","INDIANA"
"18055","Greene","INDIANA"
"18057","Hamilton","INDIANA"
"18059","Hancock","INDIANA"
"18061","Harrison","INDIANA"
"18063","Hendricks","INDIANA"
"18065","Henry","INDIANA"
"18067","Howard","INDIANA"
"18069","Huntington","INDIANA"
"18071","Jackson","INDIANA"
"18073","Jasper","INDIANA"
"18075","Jay","INDIANA"
"18077","Jefferson","INDIANA"
"18079","Jennings","INDIANA"
"18081","Johnson","INDIANA"
"18083","Knox","INDIANA"
"18085","Kosciusko","INDIANA"
"18087","La Grange","INDIANA"
"18089","Lake","INDIANA"
"18091","La Porte","INDIANA"
"18093","Lawrence","INDIANA"
"18095","Madison","INDIANA"
"18097","Marion","INDIANA"
"18099","Marshall","INDIANA"
"18101","Martin","INDIANA"
"18103","Miami","INDIANA"
"18105","Monroe","INDIANA"
"18107","Montgomery","INDIANA"
"18109","Morgan","INDIANA"
"18111","Newton","INDIANA"
"18113","Noble","INDIANA"
"18115","Ohio","INDIANA"
"18117","Orange","INDIANA"
"18119","Owen","INDIANA"
"18121","Parke","INDIANA"
"18123","Perry","INDIANA"
"18125","Pike","INDIANA"
"18127","Porter","INDIANA"
"18129","Posey","INDIANA"
"18131","Pulaski","INDIANA"
"18133","Putnam","INDIANA"
"18135","Randolph","INDIANA"
"18137","Ripley","INDIANA"
"18139","Rush","INDIANA"
"18141","St Joseph","INDIANA"
"18143","Scott","INDIANA"
"18145","Shelby","INDIANA"
"18147","Spencer","INDIANA"
"18149","Starke","INDIANA"
"18151","Steuben","INDIANA"
"18153","Sullivan","INDIANA"
"18155","Switzerland","INDIANA"
"18157","Tippecanoe","INDIANA"
"18159","Tipton","INDIANA"
"18161","Union","INDIANA"
"18163","Vanderburgh","INDIANA"
"18165","Vermillion","INDIANA"
"18167","Vigo","INDIANA"
"18169","Wabash","INDIANA"
"18171","Warren","INDIANA"
"18173","Warrick","INDIANA"
"18175","Washington","INDIANA"
"18177","Wayne","INDIANA"
"18179","Wells","INDIANA"
"18181","White","INDIANA"
"18183","Whitley","INDIANA"
"19001","Adair","IOWA"
"19003","Adams","IOWA"
"19005","Allamakee","IOWA"
"19007","Appanoose","IOWA"
"19009","Audubon","IOWA"
"19011","Benton","IOWA"
"19013","Black Hawk","IOWA"
"19015","Boone","IOWA"
"19017","Bremer","IOWA"
"19019","Buchanan","IOWA"
"19021","Buena Vista","IOWA"
"19023","Butler","IOWA"
"19025","Calhoun","IOWA"
"19027","Carroll","IOWA"
"19029","Cass","IOWA"
"19031","Cedar","IOWA"
"19033","Cerro Gordo","IOWA"
"19035","Cherokee","IOWA"
"19037","Chickasaw","IOWA"
"19039","Clarke","IOWA"
"19041","Clay","IOWA"
"19043","Clayton","IOWA"
"19045","Clinton","IOWA"
"19047","Crawford","IOWA"
"19049","Dallas","IOWA"
"19051","Davis","IOWA"
"19053","Decatur","IOWA"
"19055","Delaware","IOWA"
"19057","Des Moines","IOWA"
"19059","Dickinson","IOWA"
"19061","Dubuque","IOWA"
"19063","Emmet","IOWA"
"19065","Fayette","IOWA"
"19067","Floyd","IOWA"
"19069","Franklin","IOWA"
"19071","Fremont","IOWA"
"19073","Greene","IOWA"
"19075","Grundy","IOWA"
"19077","Guthrie","IOWA"
"19079","Hamilton","IOWA"
"19081","Hancock","IOWA"
"19083","Hardin","IOWA"
"19085","Harrison","IOWA"
"19087","Henry","IOWA"
"19089","Howard","IOWA"
"19091","Humboldt","IOWA"
"19093","Ida","IOWA"
"19095","Iowa","IOWA"
"19097","Jackson","IOWA"
"19099","Jasper","IOWA"
"19101","Jefferson","IOWA"
"19103","Johnson","IOWA"
"19105","Jones","IOWA"
"19107","Keokuk","IOWA"
"19109","Kossuth","IOWA"
"19111","Lee","IOWA"
"19113","Linn","IOWA"
"19115","Louisa","IOWA"
"19117","Lucas","IOWA"
"19119","Lyon","IOWA"
"19121","Madison","IOWA"
"19123","Mahaska","IOWA"
"19125","Marion","IOWA"
"19127","Marshall","IOWA"
"19129","Mills","IOWA"
"19131","Mitchell","IOWA"
"19133","Monona","IOWA"
"19135","Monroe","IOWA"
"19137","Montgomery","IOWA"
"19139","Muscatine","IOWA"
"19141","O Brien","IOWA"
"19143","Osceola","IOWA"
"19145","Page","IOWA"
"19147","Palo Alto","IOWA"
"19149","Plymouth","IOWA"
"19151","Pocahontas","IOWA"
"19153","Polk","IOWA"
"19155","Pottawattamie","IOWA"
"19157","Poweshiek","IOWA"
"19159","Ringgold","IOWA"
"19161","Sac","IOWA"
"19163","Scott","IOWA"
"19165","Shelby","IOWA"
"19167","Sioux","IOWA"
"19169","Story","IOWA"
"19171","Tama","IOWA"
"19173","Taylor","IOWA"
"19175","Union","IOWA"
"19177","Van Buren","IOWA"
"19179","Wapello","IOWA"
"19181","Warren","IOWA"
"19183","Washington","IOWA"
"19185","Wayne","IOWA"
"19187","Webster","IOWA"
"19189","Winnebago","IOWA"
"19191","Winneshiek","IOWA"
"19193","Woodbury","IOWA"
"19195","Worth","IOWA"
"19197","Wright","IOWA"
"20001","Allen","KANSAS"
"20003","Anderson","KANSAS"
"20005","Atchison","KANSAS"
"20007","Barber","KANSAS"
"20009","Barton","KANSAS"
"20011","Bourbon","KANSAS"
"20013","Brown","KANSAS"
"20015","Butler","KANSAS"
"20017","Chase","KANSAS"
"20019","Chautauqua","KANSAS"
"20021","Cherokee","KANSAS"
"20023","Cheyenne","KANSAS"
"20025","Clark","KANSAS"
"20027","Clay","KANSAS"
"20029","Cloud","KANSAS"
"20031","Coffey","KANSAS"
"20033","Comanche","KANSAS"
"20035","Cowley","KANSAS"
"20037","Crawford","KANSAS"
"20039","Decatur","KANSAS"
"20041","Dickinson","KANSAS"
"20043","Doniphan","KANSAS"
"20045","Douglas","KANSAS"
"20047","Edwards","KANSAS"
"20049","Elk","KANSAS"
"20051","Ellis","KANSAS"
"20053","Ellsworth","KANSAS"
"20055","Finney","KANSAS"
"20057","Ford","KANSAS"
"20059","Franklin","KANSAS"
"20061","Geary","KANSAS"
"20063","Gove","KANSAS"
"20065","Graham","KANSAS"
"20067","Grant","KANSAS"
"20069","Gray","KANSAS"
"20071","Greeley","KANSAS"
"20073","Greenwood","KANSAS"
"20075","Hamilton","KANSAS"
"20077","Harper","KANSAS"
"20079","Harvey","KANSAS"
"20081","Haskell","KANSAS"
"20083","Hodgeman","KANSAS"
"20085","Jackson","KANSAS"
"20087","Jefferson","KANSAS"
"20089","Jewell","KANSAS"
"20091","Johnson","KANSAS"
"20093","Kearny","KANSAS"
"20095","Kingman","KANSAS"
"20097","Kiowa","KANSAS"
"20099","Labette","KANSAS"
"20101","Lane","KANSAS"
"20103","Leavenworth","KANSAS"
"20105","Lincoln","KANSAS"
"20107","Linn","KANSAS"
"20109","Logan","KANSAS"
"20111","Lyon","KANSAS"
"20113","McPherson","KANSAS"
"20115","Marion","KANSAS"
"20117","Marshall","KANSAS"
"20119","Meade","KANSAS"
"20121","Miami","KANSAS"
"20123","Mitchell","KANSAS"
"20125","Montgomery","KANSAS"
"20127","Morris","KANSAS"
"20129","Morton","KANSAS"
"20131","Nemaha","KANSAS"
"20133","Neosho","KANSAS"
"20135","Ness","KANSAS"
"20137","Norton","KANSAS"
"20139","Osage","KANSAS"
"20141","Osborne","KANSAS"
"20143","Ottawa","KANSAS"
"20145","Pawnee","KANSAS"
"20147","Phillips","KANSAS"
"20149","Pottawatomie","KANSAS"
"20151","Pratt","KANSAS"
"20153","Rawlins","KANSAS"
"20155","Reno","KANSAS"
"20157","Republic","KANSAS"
"20159","Rice","KANSAS"
"20161","Riley","KANSAS"
"20163","Rooks","KANSAS"
"20165","Rush","KANSAS"
"20167","Russell","KANSAS"
"20169","Saline","KANSAS"
"20171","Scott","KANSAS"
"20173","Sedgwick","KANSAS"
"20175","Seward","KANSAS"
"20177","Shawnee","KANSAS"
"20179","Sheridan","KANSAS"
"20181","Sherman","KANSAS"
"20183","Smith","KANSAS"
"20185","Stafford","KANSAS"
"20187","Stanton","KANSAS"
"20189","Stevens","KANSAS"
"20191","Sumner","KANSAS"
"20193","Thomas","KANSAS"
"20195","Trego","KANSAS"
"20197","Wabaunsee","KANSAS"
"20199","Wallace","KANSAS"
"20201","Washington","KANSAS"
"20203","Wichita","KANSAS"
"20205","Wilson","KANSAS"
"20207","Woodson","KANSAS"
"20209","Wyandotte","KANSAS"
"21001","Adair","KENTUCKY"
"21003","Allen","KENTUCKY"
"21005","Anderson","KENTUCKY"
"21007","Ballard","KENTUCKY"
"21009","Barren","KENTUCKY"
"21011","Bath","KENTUCKY"
"21013","Bell","KENTUCKY"
"21015","Boone","KENTUCKY"
"21017","Bourbon","KENTUCKY"
"21019","Boyd","KENTUCKY"
"21021","Boyle","KENTUCKY"
"21023","Bracken","KENTUCKY"
"21025","Breathitt","KENTUCKY"
"21027","Breckinridge","KENTUCKY"
"21029","Bullitt","KENTUCKY"
"21031","Butler","KENTUCKY"
"21033","Caldwell","KENTUCKY"
"21035","Calloway","KENTUCKY"
"21037","Campbell","KENTUCKY"
"21039","Carlisle","KENTUCKY"
"21041","Carroll","KENTUCKY"
"21043","Carter","KENTUCKY"
"21045","Casey","KENTUCKY"
"21047","Christian","KENTUCKY"
"21049","Clark","KENTUCKY"
"21051","Clay","KENTUCKY"
"21053","Clinton","KENTUCKY"
"21055","Crittenden","KENTUCKY"
"21057","Cumberland","KENTUCKY"
"21059","Daviess","KENTUCKY"
"21061","Edmonson","KENTUCKY"
"21063","Elliott","KENTUCKY"
"21065","Estill","KENTUCKY"
"21067","Fayette","KENTUCKY"
"21069","Fleming","KENTUCKY"
"21071","Floyd","KENTUCKY"
"21073","Franklin","KENTUCKY"
"21075","Fulton","KENTUCKY"
"21077","Gallatin","KENTUCKY"
"21079","Garrard","KENTUCKY"
"21081","Grant","KENTUCKY"
"21083","Graves","KENTUCKY"
"21085","Grayson","KENTUCKY"
"21087","Green","KENTUCKY"
"21089","Greenup","KENTUCKY"
"21091","Hancock","KENTUCKY"
"21093","Hardin","KENTUCKY"
"21095","Harlan","KENTUCKY"
"21097","Harrison","KENTUCKY"
"21099","Hart","KENTUCKY"
"21101","Henderson","KENTUCKY"
"21103","Henry","KENTUCKY"
"21105","Hickman","KENTUCKY"
"21107","Hopkins","KENTUCKY"
"21109","Jackson","KENTUCKY"
"21111","Jefferson","KENTUCKY"
"21113","Jessamine","KENTUCKY"
"21115","Johnson","KENTUCKY"
"21117","Kenton","KENTUCKY"
"21119","Knott","KENTUCKY"
"21121","Knox","KENTUCKY"
"21123","Larue","KENTUCKY"
"21125","Laurel","KENTUCKY"
"21127","Lawrence","KENTUCKY"
"21129","Lee","KENTUCKY"
"21131","Leslie","KENTUCKY"
"21133","Letcher","KENTUCKY"
"21135","Lewis","KENTUCKY"
"21137","Lincoln","KENTUCKY"
"21139","Livingston","KENTUCKY"
"21141","Logan","KENTUCKY"
"21143","Lyon","KENTUCKY"
"21145","McCracken","KENTUCKY"
"21147","McCreary","KENTUCKY"
"21149","McLean","KENTUCKY"
"21151","Madison","KENTUCKY"
"21153","Magoffin","KENTUCKY"
"21155","Marion","KENTUCKY"
"21157","Marshall","KENTUCKY"
"21159","Martin","KENTUCKY"
"21161","Mason","KENTUCKY"
"21163","Meade","KENTUCKY"
"21165","Menifee","KENTUCKY"
"21167","Mercer","KENTUCKY"
"21169","Metcalfe","KENTUCKY"
"21171","Monroe","KENTUCKY"
"21173","Montgomery","KENTUCKY"
"21175","Morgan","KENTUCKY"
"21177","Muhlenberg","KENTUCKY"
"21179","Nelson","KENTUCKY"
"21181","Nicholas","KENTUCKY"
"21183","Ohio","KENTUCKY"
"21185","Oldham","KENTUCKY"
"21187","Owen","KENTUCKY"
"21189","Owsley","KENTUCKY"
"21191","Pendleton","KENTUCKY"
"21193","Perry","KENTUCKY"
"21195","Pike","KENTUCKY"
"21197","Powell","KENTUCKY"
"21199","Pulaski","KENTUCKY"
"21201","Robertson","KENTUCKY"
"21203","Rockcastle","KENTUCKY"
"21205","Rowan","KENTUCKY"
"21207","Russell","KENTUCKY"
"21209","Scott","KENTUCKY"
"21211","Shelby","KENTUCKY"
"21213","Simpson","KENTUCKY"
"21215","Spencer","KENTUCKY"
"21217","Taylor","KENTUCKY"
"21219","Todd","KENTUCKY"
"21221","Trigg","KENTUCKY"
"21223","Trimble","KENTUCKY"
"21225","Union","KENTUCKY"
"21227","Warren","KENTUCKY"
"21229","Washington","KENTUCKY"
"21231","Wayne","KENTUCKY"
"21233","Webster","KENTUCKY"
"21235","Whitley","KENTUCKY"
"21237","Wolfe","KENTUCKY"
"21239","Woodford","KENTUCKY"
"22001","Acadia","LOUISIANA"
"22003","Allen","LOUISIANA"
"22005","Ascension","LOUISIANA"
"22007","Assumption","LOUISIANA"
"22009","Avoyelles","LOUISIANA"
"22011","Beauregard","LOUISIANA"
"22013","Bienville","LOUISIANA"
"22015","Bossier","LOUISIANA"
"22017","Caddo","LOUISIANA"
"22019","Calcasieu","LOUISIANA"
"22021","Caldwell","LOUISIANA"
"22023","Cameron","LOUISIANA"
"22025","Catahoula","LOUISIANA"
"22027","Claiborne","LOUISIANA"
"22029","Concordia","LOUISIANA"
"22031","De Soto","LOUISIANA"
"22033","East Baton Rouge","LOUISIANA"
"22035","East Carroll","LOUISIANA"
"22037","East Feliciana","LOUISIANA"
"22039","Evangeline","LOUISIANA"
"22041","Franklin","LOUISIANA"
"22043","Grant","LOUISIANA"
"22045","Iberia","LOUISIANA"
"22047","Iberville","LOUISIANA"
"22049","Jackson","LOUISIANA"
"22051","Jefferson","LOUISIANA"
"22053","Jefferson Davis","LOUISIANA"
"22055","Lafayette","LOUISIANA"
"22057","Lafourche","LOUISIANA"
"22059","La Salle","LOUISIANA"
"22061","Lincoln","LOUISIANA"
"22063","Livingston","LOUISIANA"
"22065","Madison","LOUISIANA"
"22067","Morehouse","LOUISIANA"
"22069","Natchitoches","LOUISIANA"
"22071","Orleans","LOUISIANA"
"22073","Ouachita","LOUISIANA"
"22075","Plaquemines","LOUISIANA"
"22077","Pointe Coupee","LOUISIANA"
"22079","Rapides","LOUISIANA"
"22081","Red River","LOUISIANA"
"22083","Richland","LOUISIANA"
"22085","Sabine","LOUISIANA"
"22087","St Bernard","LOUISIANA"
"22089","St Charles","LOUISIANA"
"22091","St Helena","LOUISIANA"
"22093","St James","LOUISIANA"
"22095","St John the Baptist","LOUISIANA"
"22097","St Landry","LOUISIANA"
"22099","St Martin","LOUISIANA"
"22101","St Mary","LOUISIANA"
"22103","St Tammany","LOUISIANA"
"22105","Tangipahoa","LOUISIANA"
"22107","Tensas","LOUISIANA"
"22109","Terrebonne","LOUISIANA"
"22111","Union","LOUISIANA"
"22113","Vermilion","LOUISIANA"
"22115","Vernon","LOUISIANA"
"22117","Washington","LOUISIANA"
"22119","Webster","LOUISIANA"
"22121","West Baton Rouge","LOUISIANA"
"22123","West Carroll","LOUISIANA"
"22125","West Feliciana","LOUISIANA"
"22127","Winn","LOUISIANA"
"23001","Androscoggin","MAINE"
"23003","Aroostook","MAINE"
"23005","Cumberland","MAINE"
"23007","Franklin","MAINE"
"23009","Hancock","MAINE"
"23011","Kennebec","MAINE"
"23013","Knox","MAINE"
"23015","Lincoln","MAINE"
"23017","Oxford","MAINE"
"23019","Penobscot","MAINE"
"23021","Piscataquis","MAINE"
"23023","Sagadahoc","MAINE"
"23025","Somerset","MAINE"
"23027","Waldo","MAINE"
"23029","Washington","MAINE"
"23031","York","MAINE"
"24001","Allegany","MARYLAND"
"24003","Anne Arundel","MARYLAND"
"24005","Baltimore","MARYLAND"
"24009","Calvert","MARYLAND"
"24011","Caroline","MARYLAND"
"24013","Carroll","MARYLAND"
"24015","Cecil","MARYLAND"
"24017","Charles","MARYLAND"
"24019","Dorchester","MARYLAND"
"24021","Frederick","MARYLAND"
"24023","Garrett","MARYLAND"
"24025","Harford","MARYLAND"
"24027","Howard","MARYLAND"
"24029","Kent","MARYLAND"
"24031","Montgomery","MARYLAND"
"24033","Prince Georges","MARYLAND"
"24035","Queen Annes","MARYLAND"
"24037","St Marys","MARYLAND"
"24039","Somerset","MARYLAND"
"24041","Talbot","MARYLAND"
"24043","Washington","MARYLAND"
"24045","Wicomico","MARYLAND"
"24047","Worcester","MARYLAND"
"24510","Baltimore City","MARYLAND"
"25001","Barnstable","MASSACHUSETTS"
"25003","Berkshire","MASSACHUSETTS"
"25005","Bristol","MASSACHUSETTS"
"25007","Dukes","MASSACHUSETTS"
"25009","Essex","MASSACHUSETTS"
"25011","Franklin","MASSACHUSETTS"
"25013","Hampden","MASSACHUSETTS"
"25015","Hampshire","MASSACHUSETTS"
"25017","Middlesex","MASSACHUSETTS"
"25019","Nantucket","MASSACHUSETTS"
"25021","Norfolk","MASSACHUSETTS"
"25023","Plymouth","MASSACHUSETTS"
"25025","Suffolk","MASSACHUSETTS"
"25027","Worcester","MASSACHUSETTS"
"26001","Alcona","MICHIGAN"
"26003","Alger","MICHIGAN"
"26005","Allegan","MICHIGAN"
"26007","Alpena","MICHIGAN"
"26009","Antrim","MICHIGAN"
"26011","Arenac","MICHIGAN"
"26013","Baraga","MICHIGAN"
"26015","Barry","MICHIGAN"
"26017","Bay","MICHIGAN"
"26019","Benzie","MICHIGAN"
"26021","Berrien","MICHIGAN"
"26023","Branch","MICHIGAN"
"26025","Calhoun","MICHIGAN"
"26027","Cass","MICHIGAN"
"26029","Charlevoix","MICHIGAN"
"26031","Cheboygan","MICHIGAN"
"26033","Chippewa","MICHIGAN"
"26035","Clare","MICHIGAN"
"26037","Clinton","MICHIGAN"
"26039","Crawford","MICHIGAN"
"26041","Delta","MICHIGAN"
"26043","Dickinson","MICHIGAN"
"26045","Eaton","MICHIGAN"
"26047","Emmet","MICHIGAN"
"26049","Genesee","MICHIGAN"
"26051","Gladwin","MICHIGAN"
"26053","Gogebic","MICHIGAN"
"26055","Grand Traverse","MICHIGAN"
"26057","Gratiot","MICHIGAN"
"26059","Hillsdale","MICHIGAN"
"26061","Houghton","MICHIGAN"
"26063","Huron","MICHIGAN"
"26065","Ingham","MICHIGAN"
"26067","Ionia","MICHIGAN"
"26069","Iosco","MICHIGAN"
"26071","Iron","MICHIGAN"
"26073","Isabella","MICHIGAN"
"26075","Jackson","MICHIGAN"
"26077","Kalamazoo","MICHIGAN"
"26079","Kalkaska","MICHIGAN"
"26081","Kent","MICHIGAN"
"26083","Keweenaw","MICHIGAN"
"26085","Lake","MICHIGAN"
"26087","Lapeer","MICHIGAN"
"26089","Leelanau","MICHIGAN"
"26091","Lenawee","MICHIGAN"
"26093","Livingston","MICHIGAN"
"26095","Luce","MICHIGAN"
"26097","Mackinac","MICHIGAN"
"26099","Macomb","MICHIGAN"
"26101","Manistee","MICHIGAN"
"26103","Marquette","MICHIGAN"
"26105","Mason","MICHIGAN"
"26107","Mecosta","MICHIGAN"
"26109","Menominee","MICHIGAN"
"26111","Midland","MICHIGAN"
"26113","Missaukee","MICHIGAN"
"26115","Monroe","MICHIGAN"
"26117","Montcalm","MICHIGAN"
"26119","Montmorency","MICHIGAN"
"26121","Muskegon","MICHIGAN"
"26123","Newaygo","MICHIGAN"
"26125","Oakland","MICHIGAN"
"26127","Oceana","MICHIGAN"
"26129","Ogemaw","MICHIGAN"
"26131","Ontonagon","MICHIGAN"
"26133","Osceola","MICHIGAN"
"26135","Oscoda","MICHIGAN"
"26137","Otsego","MICHIGAN"
"26139","Ottawa","MICHIGAN"
"26141","Presque Isle","MICHIGAN"
"26143","Roscommon","MICHIGAN"
"26145","Saginaw","MICHIGAN"
"26147","St Clair","MICHIGAN"
"26149","St Joseph","MICHIGAN"
"26151","Sanilac","MICHIGAN"
"26153","Schoolcraft","MICHIGAN"
"26155","Shiawassee","MICHIGAN"
"26157","Tuscola","MICHIGAN"
"26159","Van Buren","MICHIGAN"
"26161","Washtenaw","MICHIGAN"
"26163","Wayne","MICHIGAN"
"26165","Wexford","MICHIGAN"
"27001","Aitkin","MINNESOTA"
"27003","Anoka","MINNESOTA"
"27005","Becker","MINNESOTA"
"27007","Beltrami","MINNESOTA"
"27009","Benton","MINNESOTA"
"27011","Big Stone","MINNESOTA"
"27013","Blue Earth","MINNESOTA"
"27015","Brown","MINNESOTA"
"27017","Carlton","MINNESOTA"
"27019","Carver","MINNESOTA"
"27021","Cass","MINNESOTA"
"27023","Chippewa","MINNESOTA"
"27025","Chisago","MINNESOTA"
"27027","Clay","MINNESOTA"
"27029","Clearwater","MINNESOTA"
"27031","Cook","MINNESOTA"
"27033","Cottonwood","MINNESOTA"
"27035","Crow Wing","MINNESOTA"
"27037","Dakota","MINNESOTA"
"27039","Dodge","MINNESOTA"
"27041","Douglas","MINNESOTA"
"27043","Faribault","MINNESOTA"
"27045","Fillmore","MINNESOTA"
"27047","Freeborn","MINNESOTA"
"27049","Goodhue","MINNESOTA"
"27051","Grant","MINNESOTA"
"27053","Hennepin","MINNESOTA"
"27055","Houston","MINNESOTA"
"27057","Hubbard","MINNESOTA"
"27059","Isanti","MINNESOTA"
"27061","Itasca","MINNESOTA"
"27063","Jackson","MINNESOTA"
"27065","Kanabec","MINNESOTA"
"27067","Kandiyohi","MINNESOTA"
"27069","Kittson","MINNESOTA"
"27071","Koochiching","MINNESOTA"
"27073","Lac qui Parle","MINNESOTA"
"27075","Lake","MINNESOTA"
"27077","Lake of the Woods","MINNESOTA"
"27079","Le Sueur","MINNESOTA"
"27081","Lincoln","MINNESOTA"
"27083","Lyon","MINNESOTA"
"27085","McLeod","MINNESOTA"
"27087","Mahnomen","MINNESOTA"
"27089","Marshall","MINNESOTA"
"27091","Martin","MINNESOTA"
"27093","Meeker","MINNESOTA"
"27095","Mille Lacs","MINNESOTA"
"27097","Morrison","MINNESOTA"
"27099","Mower","MINNESOTA"
"27101","Murray","MINNESOTA"
"27103","Nicollet","MINNESOTA"
"27105","Nobles","MINNESOTA"
"27107","Norman","MINNESOTA"
"27109","Olmsted","MINNESOTA"
"27111","Otter Tail","MINNESOTA"
"27113","Pennington","MINNESOTA"
"27115","Pine","MINNESOTA"
"27117","Pipestone","MINNESOTA"
"27119","Polk","MINNESOTA"
"27121","Pope","MINNESOTA"
"27123","Ramsey","MINNESOTA"
"27125","Red Lake","MINNESOTA"
"27127","Redwood","MINNESOTA"
"27129","Renville","MINNESOTA"
"27131","Rice","MINNESOTA"
"27133","Rock","MINNESOTA"
"27135","Roseau","MINNESOTA"
"27137","St Louis","MINNESOTA"
"27139","Scott","MINNESOTA"
"27141","Sherburne","MINNESOTA"
"27143","Sibley","MINNESOTA"
"27145","Stearns","MINNESOTA"
"27147","Steele","MINNESOTA"
"27149","Stevens","MINNESOTA"
"27151","Swift","MINNESOTA"
"27153","Todd","MINNESOTA"
"27155","Traverse","MINNESOTA"
"27157","Wabasha","MINNESOTA"
"27159","Wadena","MINNESOTA"
"27161","Waseca","MINNESOTA"
"27163","Washington","MINNESOTA"
"27165","Watonwan","MINNESOTA"
"27167","Wilkin","MINNESOTA"
"27169","Winona","MINNESOTA"
"27171","Wright","MINNESOTA"
"27173","Yellow Medicine","MINNESOTA"
"28001","Adams","MISSISSIPPI"
"28003","Alcorn","MISSISSIPPI"
"28005","Amite","MISSISSIPPI"
"28007","Attala","MISSISSIPPI"
"28009","Benton","MISSISSIPPI"
"28011","Bolivar","MISSISSIPPI"
"28013","Calhoun","MISSISSIPPI"
"28015","Carroll","MISSISSIPPI"
"28017","Chickasaw","MISSISSIPPI"
"28019","Choctaw","MISSISSIPPI"
"28021","Claiborne","MISSISSIPPI"
"28023","Clarke","MISSISSIPPI"
"28025","Clay","MISSISSIPPI"
"28027","Coahoma","MISSISSIPPI"
"28029","Copiah","MISSISSIPPI"
"28031","Covington","MISSISSIPPI"
"28033","De Soto","MISSISSIPPI"
"28035","Forrest","MISSISSIPPI"
"28037","Franklin","MISSISSIPPI"
"28039","George","MISSISSIPPI"
"28041","Greene","MISSISSIPPI"
"28043","Grenada","MISSISSIPPI"
"28045","Hancock","MISSISSIPPI"
"28047","Harrison","MISSISSIPPI"
"28049","Hinds","MISSISSIPPI"
"28051","Holmes","MISSISSIPPI"
"28053","Humphreys","MISSISSIPPI"
"28055","Issaquena","MISSISSIPPI"
"28057","Itawamba","MISSISSIPPI"
"28059","Jackson","MISSISSIPPI"
"28061","Jasper","MISSISSIPPI"
"28063","Jefferson","MISSISSIPPI"
"28065","Jefferson Davis","MISSISSIPPI"
"28067","Jones","MISSISSIPPI"
"28069","Kemper","MISSISSIPPI"
"28071","Lafayette","MISSISSIPPI"
"28073","Lamar","MISSISSIPPI"
"28075","Lauderdale","MISSISSIPPI"
"28077","Lawrence","MISSISSIPPI"
"28079","Leake","MISSISSIPPI"
"28081","Lee","MISSISSIPPI"
"28083","Leflore","MISSISSIPPI"
"28085","Lincoln","MISSISSIPPI"
"28087","Lowndes","MISSISSIPPI"
"28089","Madison","MISSISSIPPI"
"28091","Marion","MISSISSIPPI"
"28093","Marshall","MISSISSIPPI"
"28095","Monroe","MISSISSIPPI"
"28097","Montgomery","MISSISSIPPI"
"28099","Neshoba","MISSISSIPPI"
"28101","Newton","MISSISSIPPI"
"28103","Noxubee","MISSISSIPPI"
"28105","Oktibbeha","MISSISSIPPI"
"28107","Panola","MISSISSIPPI"
"28109","Pearl River","MISSISSIPPI"
"28111","Perry","MISSISSIPPI"
"28113","Pike","MISSISSIPPI"
"28115","Pontotoc","MISSISSIPPI"
"28117","Prentiss","MISSISSIPPI"
"28119","Quitman","MISSISSIPPI"
"28121","Rankin","MISSISSIPPI"
"28123","Scott","MISSISSIPPI"
"28125","Sharkey","MISSISSIPPI"
"28127","Simpson","MISSISSIPPI"
"28129","Smith","MISSISSIPPI"
"28131","Stone","MISSISSIPPI"
"28133","Sunflower","MISSISSIPPI"
"28135","Tallahatchie","MISSISSIPPI"
"28137","Tate","MISSISSIPPI"
"28139","Tippah","MISSISSIPPI"
"28141","Tishomingo","MISSISSIPPI"
"28143","Tunica","MISSISSIPPI"
"28145","Union","MISSISSIPPI"
"28147","Walthall","MISSISSIPPI"
"28149","Warren","MISSISSIPPI"
"28151","Washington","MISSISSIPPI"
"28153","Wayne","MISSISSIPPI"
"28155","Webster","MISSISSIPPI"
"28157","Wilkinson","MISSISSIPPI"
"28159","Winston","MISSISSIPPI"
"28161","Yalobusha","MISSISSIPPI"
"28163","Yazoo","MISSISSIPPI"
"29001","Adair","MISSOURI"
"29003","Andrew","MISSOURI"
"29005","Atchison","MISSOURI"
"29007","Audrain","MISSOURI"
"29009","Barry","MISSOURI"
"29011","Barton","MISSOURI"
"29013","Bates","MISSOURI"
"29015","Benton","MISSOURI"
"29017","Bollinger","MISSOURI"
"29019","Boone","MISSOURI"
"29021","Buchanan","MISSOURI"
"29023","Butler","MISSOURI"
"29025","Caldwell","MISSOURI"
"29027","Callaway","MISSOURI"
"29029","Camden","MISSOURI"
"29031","Cape Girardeau","MISSOURI"
"29033","Carroll","MISSOURI"
"29035","Carter","MISSOURI"
"29037","Cass","MISSOURI"
"29039","Cedar","MISSOURI"
"29041","Chariton","MISSOURI"
"29043","Christian","MISSOURI"
"29045","Clark","MISSOURI"
"29047","Clay","MISSOURI"
"29049","Clinton","MISSOURI"
"29051","Cole","MISSOURI"
"29053","Cooper","MISSOURI"
"29055","Crawford","MISSOURI"
"29057","Dade","MISSOURI"
"29059","Dallas","MISSOURI"
"29061","Daviess","MISSOURI"
"29063","De Kalb","MISSOURI"
"29065","Dent","MISSOURI"
"29067","Douglas","MISSOURI"
"29069","Dunklin","MISSOURI"
"29071","Franklin","MISSOURI"
"29073","Gasconade","MISSOURI"
"29075","Gentry","MISSOURI"
"29077","Greene","MISSOURI"
"29079","Grundy","MISSOURI"
"29081","Harrison","MISSOURI"
"29083","Henry","MISSOURI"
"29085","Hickory","MISSOURI"
"29087","Holt","MISSOURI"
"29089","Howard","MISSOURI"
"29091","Howell","MISSOURI"
"29093","Iron","MISSOURI"
"29095","Jackson","MISSOURI"
"29097","Jasper","MISSOURI"
"29099","Jefferson","MISSOURI"
"29101","Johnson","MISSOURI"
"29103","Knox","MISSOURI"
"29105","Laclede","MISSOURI"
"29107","Lafayette","MISSOURI"
"29109","Lawrence","MISSOURI"
"29111","Lewis","MISSOURI"
"29113","Lincoln","MISSOURI"
"29115","Linn","MISSOURI"
"29117","Livingston","MISSOURI"
"29119","McDonald","MISSOURI"
"29121","Macon","MISSOURI"
"29123","Madison","MISSOURI"
"29125","Maries","MISSOURI"
"29127","Marion","MISSOURI"
"29129","Mercer","MISSOURI"
"29131","Miller","MISSOURI"
"29133","Mississippi","MISSOURI"
"29135","Moniteau","MISSOURI"
"29137","Monroe","MISSOURI"
"29139","Montgomery","MISSOURI"
"29141","Morgan","MISSOURI"
"29143","New Madrid","MISSOURI"
"29145","Newton","MISSOURI"
"29147","Nodaway","MISSOURI"
"29149","Oregon","MISSOURI"
"29151","Osage","MISSOURI"
"29153","Ozark","MISSOURI"
"29155","Pemiscot","MISSOURI"
"29157","Perry","MISSOURI"
"29159","Pettis","MISSOURI"
"29161","Phelps","MISSOURI"
"29163","Pike","MISSOURI"
"29165","Platte","MISSOURI"
"29167","Polk","MISSOURI"
"29169","Pulaski","MISSOURI"
"29171","Putnam","MISSOURI"
"29173","Ralls","MISSOURI"
"29175","Randolph","MISSOURI"
"29177","Ray","MISSOURI"
"29179","Reynolds","MISSOURI"
"29181","Ripley","MISSOURI"
"29183","St Charles","MISSOURI"
"29185","St Clair","MISSOURI"
"29186","Ste. Genevieve","MISSOURI"
"29187","St Francois","MISSOURI"
"29189","St Louis","MISSOURI"
"29195","Saline","MISSOURI"
"29197","Schuyler","MISSOURI"
"29199","Scotland","MISSOURI"
"29201","Scott","MISSOURI"
"29203","Shannon","MISSOURI"
"29205","Shelby","MISSOURI"
"29207","Stoddard","MISSOURI"
"29209","Stone","MISSOURI"
"29211","Sullivan","MISSOURI"
"29213","Taney","MISSOURI"
"29215","Texas","MISSOURI"
"29217","Vernon","MISSOURI"
"29219","Warren","MISSOURI"
"29221","Washington","MISSOURI"
"29223","Wayne","MISSOURI"
"29225","Webster","MISSOURI"
"29227","Worth","MISSOURI"
"29229","Wright","MISSOURI"
"29510","St Louis City","MISSOURI"
"30001","Beaverhead","MONTANA"
"30003","Big Horn","MONTANA"
"30005","Blaine","MONTANA"
"30007","Broadwater","MONTANA"
"30009","Carbon","MONTANA"
"30011","Carter","MONTANA"
"30013","Cascade","MONTANA"
"30015","Chouteau","MONTANA"
"30017","Custer","MONTANA"
"30019","Daniels","MONTANA"
"30021","Dawson","MONTANA"
"30023","Deer Lodge","MONTANA"
"30025","Fallon","MONTANA"
"30027","Fergus","MONTANA"
"30029","Flathead","MONTANA"
"30031","Gallatin","MONTANA"
"30033","Garfield","MONTANA"
"30035","Glacier","MONTANA"
"30037","Golden Valley","MONTANA"
"30039","Granite","MONTANA"
"30041","Hill","MONTANA"
"30043","Jefferson","MONTANA"
"30045","Judith Basin","MONTANA"
"30047","Lake","MONTANA"
"30049","Lewis and Clark","MONTANA"
"30051","Liberty","MONTANA"
"30053","Lincoln","MONTANA"
"30055","McCone","MONTANA"
"30057","Madison","MONTANA"
"30059","Meagher","MONTANA"
"30061","Mineral","MONTANA"
"30063","Missoula","MONTANA"
"30065","Musselshell","MONTANA"
"30067","Park","MONTANA"
"30069","Petroleum","MONTANA"
"30071","Phillips","MONTANA"
"30073","Pondera","MONTANA"
"30075","Powder River","MONTANA"
"30077","Powell","MONTANA"
"30079","Prairie","MONTANA"
"30081","Ravalli","MONTANA"
"30083","Richland","MONTANA"
"30085","Roosevelt","MONTANA"
"30087","Rosebud","MONTANA"
"30089","Sanders","MONTANA"
"30091","Sheridan","MONTANA"
"30093","Silver Bow","MONTANA"
"30095","Stillwater","MONTANA"
"30097","Sweet Grass","MONTANA"
"30099","Teton","MONTANA"
"30101","Toole","MONTANA"
"30103","Treasure","MONTANA"
"30105","Valley","MONTANA"
"30107","Wheatland","MONTANA"
"30109","Wibaux","MONTANA"
"30111","Yellowstone","MONTANA"
"30113","Yellowstone Nat Park","MONTANA"
"31001","Adams","NEBRASKA"
"31003","Antelope","NEBRASKA"
"31005","Arthur","NEBRASKA"
"31007","Banner","NEBRASKA"
"31009","Blaine","NEBRASKA"
"31011","Boone","NEBRASKA"
"31013","Box Butte","NEBRASKA"
"31015","Boyd","NEBRASKA"
"31017","Brown","NEBRASKA"
"31019","Buffalo","NEBRASKA"
"31021","Burt","NEBRASKA"
"31023","Butler","NEBRASKA"
"31025","Cass","NEBRASKA"
"31027","Cedar","NEBRASKA"
"31029","Chase","NEBRASKA"
"31031","Cherry","NEBRASKA"
"31033","Cheyenne","NEBRASKA"
"31035","Clay","NEBRASKA"
"31037","Colfax","NEBRASKA"
"31039","Cuming","NEBRASKA"
"31041","Custer","NEBRASKA"
"31043","Dakota","NEBRASKA"
"31045","Dawes","NEBRASKA"
"31047","Dawson","NEBRASKA"
"31049","Deuel","NEBRASKA"
"31051","Dixon","NEBRASKA"
"31053","Dodge","NEBRASKA"
"31055","Douglas","NEBRASKA"
"31057","Dundy","NEBRASKA"
"31059","Fillmore","NEBRASKA"
"31061","Franklin","NEBRASKA"
"31063","Frontier","NEBRASKA"
"31065","Furnas","NEBRASKA"
"31067","Gage","NEBRASKA"
"31069","Garden","NEBRASKA"
"31071","Garfield","NEBRASKA"
"31073","Gosper","NEBRASKA"
"31075","Grant","NEBRASKA"
"31077","Greeley","NEBRASKA"
"31079","Hall","NEBRASKA"
"31081","Hamilton","NEBRASKA"
"31083","Harlan","NEBRASKA"
"31085","Hayes","NEBRASKA"
"31087","Hitchcock","NEBRASKA"
"31089","Holt","NEBRASKA"
"31091","Hooker","NEBRASKA"
"31093","Howard","NEBRASKA"
"31095","Jefferson","NEBRASKA"
"31097","Johnson","NEBRASKA"
"31099","Kearney","NEBRASKA"
"31101","Keith","NEBRASKA"
"31103","Keya Paha","NEBRASKA"
"31105","Kimball","NEBRASKA"
"31107","Knox","NEBRASKA"
"31109","Lancaster","NEBRASKA"
"31111","Lincoln","NEBRASKA"
"31113","Logan","NEBRASKA"
"31115","Loup","NEBRASKA"
"31117","McPherson","NEBRASKA"
"31119","Madison","NEBRASKA"
"31121","Merrick","NEBRASKA"
"31123","Morrill","NEBRASKA"
"31125","Nance","NEBRASKA"
"31127","Nemaha","NEBRASKA"
"31129","Nuckolls","NEBRASKA"
"31131","Otoe","NEBRASKA"
"31133","Pawnee","NEBRASKA"
"31135","Perkins","NEBRASKA"
"31137","Phelps","NEBRASKA"
"31139","Pierce","NEBRASKA"
"31141","Platte","NEBRASKA"
"31143","Polk","NEBRASKA"
"31145","Red Willow","NEBRASKA"
"31147","Richardson","NEBRASKA"
"31149","Rock","NEBRASKA"
"31151","Saline","NEBRASKA"
"31153","Sarpy","NEBRASKA"
"31155","Saunders","NEBRASKA"
"31157","Scotts Bluff","NEBRASKA"
"31159","Seward","NEBRASKA"
"31161","Sheridan","NEBRASKA"
"31163","Sherman","NEBRASKA"
"31165","Sioux","NEBRASKA"
"31167","Stanton","NEBRASKA"
"31169","Thayer","NEBRASKA"
"31171","Thomas","NEBRASKA"
"31173","Thurston","NEBRASKA"
"31175","Valley","NEBRASKA"
"31177","Washington","NEBRASKA"
"31179","Wayne","NEBRASKA"
"31181","Webster","NEBRASKA"
"31183","Wheeler","NEBRASKA"
"31185","York","NEBRASKA"
"32001","Churchill","NEVADA"
"32003","Clark","NEVADA"
"32005","Douglas","NEVADA"
"32007","Elko","NEVADA"
"32009","Esmeralda","NEVADA"
"32011","Eureka","NEVADA"
"32013","Humboldt","NEVADA"
"32015","Lander","NEVADA"
"32017","Lincoln","NEVADA"
"32019","Lyon","NEVADA"
"32021","Mineral","NEVADA"
"32023","Nye","NEVADA"
"32027","Pershing","NEVADA"
"32029","Storey","NEVADA"
"32031","Washoe","NEVADA"
"32033","White Pine","NEVADA"
"32510","Carson City","NEVADA"
"33001","Belknap","NEW HAMPSHIRE"
"33003","Carroll","NEW HAMPSHIRE"
"33005","Cheshire","NEW HAMPSHIRE"
"33007","Coos","NEW HAMPSHIRE"
"33009","Grafton","NEW HAMPSHIRE"
"33011","Hillsborough","NEW HAMPSHIRE"
"33013","Merrimack","NEW HAMPSHIRE"
"33015","Rockingham","NEW HAMPSHIRE"
"33017","Strafford","NEW HAMPSHIRE"
"33019","Sullivan","NEW HAMPSHIRE"
"34001","Atlantic","NEW JERSEY"
"34003","Bergen","NEW JERSEY"
"34005","Burlington","NEW JERSEY"
"34007","Camden","NEW JERSEY"
"34009","Cape May","NEW JERSEY"
"34011","Cumberland","NEW JERSEY"
"34013","Essex","NEW JERSEY"
"34015","Gloucester","NEW JERSEY"
"34017","Hudson","NEW JERSEY"
"34019","Hunterdon","NEW JERSEY"
"34021","Mercer","NEW JERSEY"
"34023","Middlesex","NEW JERSEY"
"34025","Monmouth","NEW JERSEY"
"34027","Morris","NEW JERSEY"
"34029","Ocean","NEW JERSEY"
"34031","Passaic","NEW JERSEY"
"34033","Salem","NEW JERSEY"
"34035","Somerset","NEW JERSEY"
"34037","Sussex","NEW JERSEY"
"34039","Union","NEW JERSEY"
"34041","Warren","NEW JERSEY"
"35001","Bernalillo","NEW MEXICO"
"35003","Catron","NEW MEXICO"
"35005","Chaves","NEW MEXICO"
"35006","Cibola","NEW MEXICO"
"35007","Colfax","NEW MEXICO"
"35009","Curry","NEW MEXICO"
"35011","De Baca","NEW MEXICO"
"35013","Dona Ana","NEW MEXICO"
"35015","Eddy","NEW MEXICO"
"35017","Grant","NEW MEXICO"
"35019","Guadalupe","NEW MEXICO"
"35021","Harding","NEW MEXICO"
"35023","Hidalgo","NEW MEXICO"
"35025","Lea","NEW MEXICO"
"35027","Lincoln","NEW MEXICO"
"35028","Los Alamos","NEW MEXICO"
"35029","Luna","NEW MEXICO"
"35031","McKinley","NEW MEXICO"
"35033","Mora","NEW MEXICO"
"35035","Otero","NEW MEXICO"
"35037","Quay","NEW MEXICO"
"35039","Rio Arriba","NEW MEXICO"
"35041","Roosevelt","NEW MEXICO"
"35043","Sandoval","NEW MEXICO"
"35045","San Juan","NEW MEXICO"
"35047","San Miguel","NEW MEXICO"
"35049","Santa Fe","NEW MEXICO"
"35051","Sierra","NEW MEXICO"
"35053","Socorro","NEW MEXICO"
"35055","Taos","NEW MEXICO"
"35057","Torrance","NEW MEXICO"
"35059","Union","NEW MEXICO"
"35061","Valencia","NEW MEXICO"
"36001","Albany","NEW YORK"
"36003","Allegany","NEW YORK"
"36005","Bronx","NEW YORK"
"36007","Broome","NEW YORK"
"36009","Cattaraugus","NEW YORK"
"36011","Cayuga","NEW YORK"
"36013","Chautauqua","NEW YORK"
"36015","Chemung","NEW YORK"
"36017","Chenango","NEW YORK"
"36019","Clinton","NEW YORK"
"36021","Columbia","NEW YORK"
"36023","Cortland","NEW YORK"
"36025","Delaware","NEW YORK"
"36027","Dutchess","NEW YORK"
"36029","Erie","NEW YORK"
"36031","Essex","NEW YORK"
"36033","Franklin","NEW YORK"
"36035","Fulton","NEW YORK"
"36037","Genesee","NEW YORK"
"36039","Greene","NEW YORK"
"36041","Hamilton","NEW YORK"
"36043","Herkimer","NEW YORK"
"36045","Jefferson","NEW YORK"
"36047","Kings","NEW YORK"
"36049","Lewis","NEW YORK"
"36051","Livingston","NEW YORK"
"36053","Madison","NEW YORK"
"36055","Monroe","NEW YORK"
"36057","Montgomery","NEW YORK"
"36059","Nassau","NEW YORK"
"36061","New York","NEW YORK"
"36063","Niagara","NEW YORK"
"36065","Oneida","NEW YORK"
"36067","Onondaga","NEW YORK"
"36069","Ontario","NEW YORK"
"36071","Orange","NEW YORK"
"36073","Orleans","NEW YORK"
"36075","Oswego","NEW YORK"
"36077","Otsego","NEW YORK"
"36079","Putnam","NEW YORK"
"36081","Queens","NEW YORK"
"36083","Rensselaer","NEW YORK"
"36085","Richmond","NEW YORK"
"36087","Rockland","NEW YORK"
"36089","St Lawrence","NEW YORK"
"36091","Saratoga","NEW YORK"
"36093","Schenectady","NEW YORK"
"36095","Schoharie","NEW YORK"
"36097","Schuyler","NEW YORK"
"36099","Seneca","NEW YORK"
"36101","Steuben","NEW YORK"
"36103","Suffolk","NEW YORK"
"36105","Sullivan","NEW YORK"
"36107","Tioga","NEW YORK"
"36109","Tompkins","NEW YORK"
"36111","Ulster","NEW YORK"
"36113","Warren","NEW YORK"
"36115","Washington","NEW YORK"
"36117","Wayne","NEW YORK"
"36119","Westchester","NEW YORK"
"36121","Wyoming","NEW YORK"
"36123","Yates","NEW YORK"
"37001","Alamance","NORTH CAROLINA"
"37003","Alexander","NORTH CAROLINA"
"37005","Alleghany","NORTH CAROLINA"
"37007","Anson","NORTH CAROLINA"
"37009","Ashe","NORTH CAROLINA"
"37011","Avery","NORTH CAROLINA"
"37013","Beaufort","NORTH CAROLINA"
"37015","Bertie","NORTH CAROLINA"
"37017","Bladen","NORTH CAROLINA"
"37019","Brunswick","NORTH CAROLINA"
"37021","Buncombe","NORTH CAROLINA"
"37023","Burke","NORTH CAROLINA"
"37025","Cabarrus","NORTH CAROLINA"
"37027","Caldwell","NORTH CAROLINA"
"37029","Camden","NORTH CAROLINA"
"37031","Carteret","NORTH CAROLINA"
"37033","Caswell","NORTH CAROLINA"
"37035","Catawba","NORTH CAROLINA"
"37037","Chatham","NORTH CAROLINA"
"37039","Cherokee","NORTH CAROLINA"
"37041","Chowan","NORTH CAROLINA"
"37043","Clay","NORTH CAROLINA"
"37045","Cleveland","NORTH CAROLINA"
"37047","Columbus","NORTH CAROLINA"
"37049","Craven","NORTH CAROLINA"
"37051","Cumberland","NORTH CAROLINA"
"37053","Currituck","NORTH CAROLINA"
"37055","Dare","NORTH CAROLINA"
"37057","Davidson","NORTH CAROLINA"
"37059","Davie","NORTH CAROLINA"
"37061","Duplin","NORTH CAROLINA"
"37063","Durham","NORTH CAROLINA"
"37065","Edgecombe","NORTH CAROLINA"
"37067","Forsyth","NORTH CAROLINA"
"37069","Franklin","NORTH CAROLINA"
"37071","Gaston","NORTH CAROLINA"
"37073","Gates","NORTH CAROLINA"
"37075","Graham","NORTH CAROLINA"
"37077","Granville","NORTH CAROLINA"
"37079","Greene","NORTH CAROLINA"
"37081","Guilford","NORTH CAROLINA"
"37083","Halifax","NORTH CAROLINA"
"37085","Harnett","NORTH CAROLINA"
"37087","Haywood","NORTH CAROLINA"
"37089","Henderson","NORTH CAROLINA"
"37091","Hertford","NORTH CAROLINA"
"37093","Hoke","NORTH CAROLINA"
"37095","Hyde","NORTH CAROLINA"
"37097","Iredell","NORTH CAROLINA"
"37099","Jackson","NORTH CAROLINA"
"37101","Johnston","NORTH CAROLINA"
"37103","Jones","NORTH CAROLINA"
"37105","Lee","NORTH CAROLINA"
"37107","Lenoir","NORTH CAROLINA"
"37109","Lincoln","NORTH CAROLINA"
"37111","McDowell","NORTH CAROLINA"
"37113","Macon","NORTH CAROLINA"
"37115","Madison","NORTH CAROLINA"
"37117","Martin","NORTH CAROLINA"
"37119","Mecklenburg","NORTH CAROLINA"
"37121","Mitchell","NORTH CAROLINA"
"37123","Montgomery","NORTH CAROLINA"
"37125","Moore","NORTH CAROLINA"
"37127","Nash","NORTH CAROLINA"
"37129","New Hanover","NORTH CAROLINA"
"37131","Northampton","NORTH CAROLINA"
"37133","Onslow","NORTH CAROLINA"
"37135","Orange","NORTH CAROLINA"
"37137","Pamlico","NORTH CAROLINA"
"37139","Pasquotank","NORTH CAROLINA"
"37141","Pender","NORTH CAROLINA"
"37143","Perquimans","NORTH CAROLINA"
"37145","Person","NORTH CAROLINA"
"37147","Pitt","NORTH CAROLINA"
"37149","Polk","NORTH CAROLINA"
"37151","Randolph","NORTH CAROLINA"
"37153","Richmond","NORTH CAROLINA"
"37155","Robeson","NORTH CAROLINA"
"37157","Rockingham","NORTH CAROLINA"
"37159","Rowan","NORTH CAROLINA"
"37161","Rutherford","NORTH CAROLINA"
"37163","Sampson","NORTH CAROLINA"
"37165","Scotland","NORTH CAROLINA"
"37167","Stanly","NORTH CAROLINA"
"37169","Stokes","NORTH CAROLINA"
"37171","Surry","NORTH CAROLINA"
"37173","Swain","NORTH CAROLINA"
"37175","Transylvania","NORTH CAROLINA"
"37177","Tyrrell","NORTH CAROLINA"
"37179","Union","NORTH CAROLINA"
"37181","Vance","NORTH CAROLINA"
"37183","Wake","NORTH CAROLINA"
"37185","Warren","NORTH CAROLINA"
"37187","Washington","NORTH CAROLINA"
"37189","Watauga","NORTH CAROLINA"
"37191","Wayne","NORTH CAROLINA"
"37193","Wilkes","NORTH CAROLINA"
"37195","Wilson","NORTH CAROLINA"
"37197","Yadkin","NORTH CAROLINA"
"37199","Yancey","NORTH CAROLINA"
"38001","Adams","NORTH DAKOTA"
"38003","Barnes","NORTH DAKOTA"
"38005","Benson","NORTH DAKOTA"
"38007","Billings","NORTH DAKOTA"
"38009","Bottineau","NORTH DAKOTA"
"38011","Bowman","NORTH DAKOTA"
"38013","Burke","NORTH DAKOTA"
"38015","Burleigh","NORTH DAKOTA"
"38017","Cass","NORTH DAKOTA"
"38019","Cavalier","NORTH DAKOTA"
"38021","Dickey","NORTH DAKOTA"
"38023","Divide","NORTH DAKOTA"
"38025","Dunn","NORTH DAKOTA"
"38027","Eddy","NORTH DAKOTA"
"38029","Emmons","NORTH DAKOTA"
"38031","Foster","NORTH DAKOTA"
"38033","Golden Valley","NORTH DAKOTA"
"38035","Grand Forks","NORTH DAKOTA"
"38037","Grant","NORTH DAKOTA"
"38039","Griggs","NORTH DAKOTA"
"38041","Hettinger","NORTH DAKOTA"
"38043","Kidder","NORTH DAKOTA"
"38045","La Moure","NORTH DAKOTA"
"38047","Logan","NORTH DAKOTA"
"38049","McHenry","NORTH DAKOTA"
"38051","McIntosh","NORTH DAKOTA"
"38053","McKenzie","NORTH DAKOTA"
"38055","McLean","NORTH DAKOTA"
"38057","Mercer","NORTH DAKOTA"
"38059","Morton","NORTH DAKOTA"
"38061","Mountrail","NORTH DAKOTA"
"38063","Nelson","NORTH DAKOTA"
"38065","Oliver","NORTH DAKOTA"
"38067","Pembina","NORTH DAKOTA"
"38069","Pierce","NORTH DAKOTA"
"38071","Ramsey","NORTH DAKOTA"
"38073","Ransom","NORTH DAKOTA"
"38075","Renville","NORTH DAKOTA"
"38077","Richland","NORTH DAKOTA"
"38079","Rolette","NORTH DAKOTA"
"38081","Sargent","NORTH DAKOTA"
"38083","Sheridan","NORTH DAKOTA"
"38085","Sioux","NORTH DAKOTA"
"38087","Slope","NORTH DAKOTA"
"38089","Stark","NORTH DAKOTA"
"38091","Steele","NORTH DAKOTA"
"38093","Stutsman","NORTH DAKOTA"
"38095","Towner","NORTH DAKOTA"
"38097","Traill","NORTH DAKOTA"
"38099","Walsh","NORTH DAKOTA"
"38101","Ward","NORTH DAKOTA"
"38103","Wells","NORTH DAKOTA"
"38105","Williams","NORTH DAKOTA"
"39001","Adams","OHIO"
"39003","Allen","OHIO"
"39005","Ashland","OHIO"
"39007","Ashtabula","OHIO"
"39009","Athens","OHIO"
"39011","Auglaize","OHIO"
"39013","Belmont","OHIO"
"39015","Brown","OHIO"
"39017","Butler","OHIO"
"39019","Carroll","OHIO"
"39021","Champaign","OHIO"
"39023","Clark","OHIO"
"39025","Clermont","OHIO"
"39027","Clinton","OHIO"
"39029","Columbiana","OHIO"
"39031","Coshocton","OHIO"
"39033","Crawford","OHIO"
"39035","Cuyahoga","OHIO"
"39037","Darke","OHIO"
"39039","Defiance","OHIO"
"39041","Delaware","OHIO"
"39043","Erie","OHIO"
"39045","Fairfield","OHIO"
"39047","Fayette","OHIO"
"39049","Franklin","OHIO"
"39051","Fulton","OHIO"
"39053","Gallia","OHIO"
"39055","Geauga","OHIO"
"39057","Greene","OHIO"
"39059","Guernsey","OHIO"
"39061","Hamilton","OHIO"
"39063","Hancock","OHIO"
"39065","Hardin","OHIO"
"39067","Harrison","OHIO"
"39069","Henry","OHIO"
"39071","Highland","OHIO"
"39073","Hocking","OHIO"
"39075","Holmes","OHIO"
"39077","Huron","OHIO"
"39079","Jackson","OHIO"
"39081","Jefferson","OHIO"
"39083","Knox","OHIO"
"39085","Lake","OHIO"
"39087","Lawrence","OHIO"
"39089","Licking","OHIO"
"39091","Logan","OHIO"
"39093","Lorain","OHIO"
"39095","Lucas","OHIO"
"39097","Madison","OHIO"
"39099","Mahoning","OHIO"
"39101","Marion","OHIO"
"39103","Medina","OHIO"
"39105","Meigs","OHIO"
"39107","Mercer","OHIO"
"39109","Miami","OHIO"
"39111","Monroe","OHIO"
"39113","Montgomery","OHIO"
"39115","Morgan","OHIO"
"39117","Morrow","OHIO"
"39119","Muskingum","OHIO"
"39121","Noble","OHIO"
"39123","Ottawa","OHIO"
"39125","Paulding","OHIO"
"39127","Perry","OHIO"
"39129","Pickaway","OHIO"
"39131","Pike","OHIO"
"39133","Portage","OHIO"
"39135","Preble","OHIO"
"39137","Putnam","OHIO"
"39139","Richland","OHIO"
"39141","Ross","OHIO"
"39143","Sandusky","OHIO"
"39145","Scioto","OHIO"
"39147","Seneca","OHIO"
"39149","Shelby","OHIO"
"39151","Stark","OHIO"
"39153","Summit","OHIO"
"39155","Trumbull","OHIO"
"39157","Tuscarawas","OHIO"
"39159","Union","OHIO"
"39161","Van Wert","OHIO"
"39163","Vinton","OHIO"
"39165","Warren","OHIO"
"39167","Washington","OHIO"
"39169","Wayne","OHIO"
"39171","Williams","OHIO"
"39173","Wood","OHIO"
"39175","Wyandot","OHIO"
"40001","Adair","OKLAHOMA"
"40003","Alfalfa","OKLAHOMA"
"40005","Atoka","OKLAHOMA"
"40007","Beaver","OKLAHOMA"
"40009","Beckham","OKLAHOMA"
"40011","Blaine","OKLAHOMA"
"40013","Bryan","OKLAHOMA"
"40015","Caddo","OKLAHOMA"
"40017","Canadian","OKLAHOMA"
"40019","Carter","OKLAHOMA"
"40021","Cherokee","OKLAHOMA"
"40023","Choctaw","OKLAHOMA"
"40025","Cimarron","OKLAHOMA"
"40027","Cleveland","OKLAHOMA"
"40029","Coal","OKLAHOMA"
"40031","Comanche","OKLAHOMA"
"40033","Cotton","OKLAHOMA"
"40035","Craig","OKLAHOMA"
"40037","Creek","OKLAHOMA"
"40039","Custer","OKLAHOMA"
"40041","Delaware","OKLAHOMA"
"40043","Dewey","OKLAHOMA"
"40045","Ellis","OKLAHOMA"
"40047","Garfield","OKLAHOMA"
"40049","Garvin","OKLAHOMA"
"40051","Grady","OKLAHOMA"
"40053","Grant","OKLAHOMA"
"40055","Greer","OKLAHOMA"
"40057","Harmon","OKLAHOMA"
"40059","Harper","OKLAHOMA"
"40061","Haskell","OKLAHOMA"
"40063","Hughes","OKLAHOMA"
"40065","Jackson","OKLAHOMA"
"40067","Jefferson","OKLAHOMA"
"40069","Johnston","OKLAHOMA"
"40071","Kay","OKLAHOMA"
"40073","Kingfisher","OKLAHOMA"
"40075","Kiowa","OKLAHOMA"
"40077","Latimer","OKLAHOMA"
"40079","Le Flore","OKLAHOMA"
"40081","Lincoln","OKLAHOMA"
"40083","Logan","OKLAHOMA"
"40085","Love","OKLAHOMA"
"40087","McClain","OKLAHOMA"
"40089","McCurtain","OKLAHOMA"
"40091","McIntosh","OKLAHOMA"
"40093","Major","OKLAHOMA"
"40095","Marshall","OKLAHOMA"
"40097","Mayes","OKLAHOMA"
"40099","Murray","OKLAHOMA"
"40101","Muskogee","OKLAHOMA"
"40103","Noble","OKLAHOMA"
"40105","Nowata","OKLAHOMA"
"40107","Okfuskee","OKLAHOMA"
"40109","Oklahoma","OKLAHOMA"
"40111","Okmulgee","OKLAHOMA"
"40113","Osage","OKLAHOMA"
"40115","Ottawa","OKLAHOMA"
"40117","Pawnee","OKLAHOMA"
"40119","Payne","OKLAHOMA"
"40121","Pittsburg","OKLAHOMA"
"40123","Pontotoc","OKLAHOMA"
"40125","Pottawatomie","OKLAHOMA"
"40127","Pushmataha","OKLAHOMA"
"40129","Roger Mills","OKLAHOMA"
"40131","Rogers","OKLAHOMA"
"40133","Seminole","OKLAHOMA"
"40135","Sequoyah","OKLAHOMA"
"40137","Stephens","OKLAHOMA"
"40139","Texas","OKLAHOMA"
"40141","Tillman","OKLAHOMA"
"40143","Tulsa","OKLAHOMA"
"40145","Wagoner","OKLAHOMA"
"40147","Washington","OKLAHOMA"
"40149","Washita","OKLAHOMA"
"40151","Woods","OKLAHOMA"
"40153","Woodward","OKLAHOMA"
"41001","Baker","OREGON"
"41003","Benton","OREGON"
"41005","Clackamas","OREGON"
"41007","Clatsop","OREGON"
"41009","Columbia","OREGON"
"41011","Coos","OREGON"
"41013","Crook","OREGON"
"41015","Curry","OREGON"
"41017","Deschutes","OREGON"
"41019","Douglas","OREGON"
"41021","Gilliam","OREGON"
"41023","Grant","OREGON"
"41025","Harney","OREGON"
"41027","Hood River","OREGON"
"41029","Jackson","OREGON"
"41031","Jefferson","OREGON"
"41033","Josephine","OREGON"
"41035","Klamath","OREGON"
"41037","Lake","OREGON"
"41039","Lane","OREGON"
"41041","Lincoln","OREGON"
"41043","Linn","OREGON"
"41045","Malheur","OREGON"
"41047","Marion","OREGON"
"41049","Morrow","OREGON"
"41051","Multnomah","OREGON"
"41053","Polk","OREGON"
"41055","Sherman","OREGON"
"41057","Tillamook","OREGON"
"41059","Umatilla","OREGON"
"41061","Union","OREGON"
"41063","Wallowa","OREGON"
"41065","Wasco","OREGON"
"41067","Washington","OREGON"
"41069","Wheeler","OREGON"
"41071","Yamhill","OREGON"
"42001","Adams","PENNSYLVANIA"
"42003","Allegheny","PENNSYLVANIA"
"42005","Armstrong","PENNSYLVANIA"
"42007","Beaver","PENNSYLVANIA"
"42009","Bedford","PENNSYLVANIA"
"42011","Berks","PENNSYLVANIA"
"42013","Blair","PENNSYLVANIA"
"42015","Bradford","PENNSYLVANIA"
"42017","Bucks","PENNSYLVANIA"
"42019","Butler","PENNSYLVANIA"
"42021","Cambria","PENNSYLVANIA"
"42023","Cameron","PENNSYLVANIA"
"42025","Carbon","PENNSYLVANIA"
"42027","Centre","PENNSYLVANIA"
"42029","Chester","PENNSYLVANIA"
"42031","Clarion","PENNSYLVANIA"
"42033","Clearfield","PENNSYLVANIA"
"42035","Clinton","PENNSYLVANIA"
"42037","Columbia","PENNSYLVANIA"
"42039","Crawford","PENNSYLVANIA"
"42041","Cumberland","PENNSYLVANIA"
"42043","Dauphin","PENNSYLVANIA"
"42045","Delaware","PENNSYLVANIA"
"42047","Elk","PENNSYLVANIA"
"42049","Erie","PENNSYLVANIA"
"42051","Fayette","PENNSYLVANIA"
"42053","Forest","PENNSYLVANIA"
"42055","Franklin","PENNSYLVANIA"
"42057","Fulton","PENNSYLVANIA"
"42059","Greene","PENNSYLVANIA"
"42061","Huntingdon","PENNSYLVANIA"
"42063","Indiana","PENNSYLVANIA"
"42065","Jefferson","PENNSYLVANIA"
"42067","Juniata","PENNSYLVANIA"
"42069","Lackawanna","PENNSYLVANIA"
"42071","Lancaster","PENNSYLVANIA"
"42073","Lawrence","PENNSYLVANIA"
"42075","Lebanon","PENNSYLVANIA"
"42077","Lehigh","PENNSYLVANIA"
"42079","Luzerne","PENNSYLVANIA"
"42081","Lycoming","PENNSYLVANIA"
"42083","McKean","PENNSYLVANIA"
"42085","Mercer","PENNSYLVANIA"
"42087","Mifflin","PENNSYLVANIA"
"42089","Monroe","PENNSYLVANIA"
"42091","Montgomery","PENNSYLVANIA"
"42093","Montour","PENNSYLVANIA"
"42095","Northampton","PENNSYLVANIA"
"42097","Northumberland","PENNSYLVANIA"
"42099","Perry","PENNSYLVANIA"
"42101","Philadelphia","PENNSYLVANIA"
"42103","Pike","PENNSYLVANIA"
"42105","Potter","PENNSYLVANIA"
"42107","Schuylkill","PENNSYLVANIA"
"42109","Snyder","PENNSYLVANIA"
"42111","Somerset","PENNSYLVANIA"
"42113","Sullivan","PENNSYLVANIA"
"42115","Susquehanna","PENNSYLVANIA"
"42117","Tioga","PENNSYLVANIA"
"42119","Union","PENNSYLVANIA"
"42121","Venango","PENNSYLVANIA"
"42123","Warren","PENNSYLVANIA"
"42125","Washington","PENNSYLVANIA"
"42127","Wayne","PENNSYLVANIA"
"42129","Westmoreland","PENNSYLVANIA"
"42131","Wyoming","PENNSYLVANIA"
"42133","York","PENNSYLVANIA"
"44001","Bristol","RHODE ISLAND"
"44003","Kent","RHODE ISLAND"
"44005","Newport","RHODE ISLAND"
"44007","Providence","RHODE ISLAND"
"44009","Washington","RHODE ISLAND"
"45001","Abbeville","SOUTH CAROLINA"
"45003","Aiken","SOUTH CAROLINA"
"45005","Allendale","SOUTH CAROLINA"
"45007","Anderson","SOUTH CAROLINA"
"45009","Bamberg","SOUTH CAROLINA"
"45011","Barnwell","SOUTH CAROLINA"
"45013","Beaufort","SOUTH CAROLINA"
"45015","Berkeley","SOUTH CAROLINA"
"45017","Calhoun","SOUTH CAROLINA"
"45019","Charleston","SOUTH CAROLINA"
"45021","Cherokee","SOUTH CAROLINA"
"45023","Chester","SOUTH CAROLINA"
"45025","Chesterfield","SOUTH CAROLINA"
"45027","Clarendon","SOUTH CAROLINA"
"45029","Colleton","SOUTH CAROLINA"
"45031","Darlington","SOUTH CAROLINA"
"45033","Dillon","SOUTH CAROLINA"
"45035","Dorchester","SOUTH CAROLINA"
"45037","Edgefield","SOUTH CAROLINA"
"45039","Fairfield","SOUTH CAROLINA"
"45041","Florence","SOUTH CAROLINA"
"45043","Georgetown","SOUTH CAROLINA"
"45045","Greenville","SOUTH CAROLINA"
"45047","Greenwood","SOUTH CAROLINA"
"45049","Hampton","SOUTH CAROLINA"
"45051","Horry","SOUTH CAROLINA"
"45053","Jasper","SOUTH CAROLINA"
"45055","Kershaw","SOUTH CAROLINA"
"45057","Lancaster","SOUTH CAROLINA"
"45059","Laurens","SOUTH CAROLINA"
"45061","Lee","SOUTH CAROLINA"
"45063","Lexington","SOUTH CAROLINA"
"45065","McCormick","SOUTH CAROLINA"
"45067","Marion","SOUTH CAROLINA"
"45069","Marlboro","SOUTH CAROLINA"
"45071","Newberry","SOUTH CAROLINA"
"45073","Oconee","SOUTH CAROLINA"
"45075","Orangeburg","SOUTH CAROLINA"
"45077","Pickens","SOUTH CAROLINA"
"45079","Richland","SOUTH CAROLINA"
"45081","Saluda","SOUTH CAROLINA"
"45083","Spartanburg","SOUTH CAROLINA"
"45085","Sumter","SOUTH CAROLINA"
"45087","Union","SOUTH CAROLINA"
"45089","Williamsburg","SOUTH CAROLINA"
"45091","York","SOUTH CAROLINA"
"46003","Aurora","SOUTH DAKOTA"
"46005","Beadle","SOUTH DAKOTA"
"46007","Bennett","SOUTH DAKOTA"
"46009","Bon Homme","SOUTH DAKOTA"
"46011","Brookings","SOUTH DAKOTA"
"46013","Brown","SOUTH DAKOTA"
"46015","Brule","SOUTH DAKOTA"
"46017","Buffalo","SOUTH DAKOTA"
"46019","Butte","SOUTH DAKOTA"
"46021","Campbell","SOUTH DAKOTA"
"46023","Charles Mix","SOUTH DAKOTA"
"46025","Clark","SOUTH DAKOTA"
"46027","Clay","SOUTH DAKOTA"
"46029","Codington","SOUTH DAKOTA"
"46031","Corson","SOUTH DAKOTA"
"46033","Custer","SOUTH DAKOTA"
"46035","Davison","SOUTH DAKOTA"
"46037","Day","SOUTH DAKOTA"
"46039","Deuel","SOUTH DAKOTA"
"46041","Dewey","SOUTH DAKOTA"
"46043","Douglas","SOUTH DAKOTA"
"46045","Edmunds","SOUTH DAKOTA"
"46047","Fall River","SOUTH DAKOTA"
"46049","Faulk","SOUTH DAKOTA"
"46051","Grant","SOUTH DAKOTA"
"46053","Gregory","SOUTH DAKOTA"
"46055","Haakon","SOUTH DAKOTA"
"46057","Hamlin","SOUTH DAKOTA"
"46059","Hand","SOUTH DAKOTA"
"46061","Hanson","SOUTH DAKOTA"
"46063","Harding","SOUTH DAKOTA"
"46065","Hughes","SOUTH DAKOTA"
"46067","Hutchinson","SOUTH DAKOTA"
"46069","Hyde","SOUTH DAKOTA"
"46071","Jackson","SOUTH DAKOTA"
"46073","Jerauld","SOUTH DAKOTA"
"46075","Jones","SOUTH DAKOTA"
"46077","Kingsbury","SOUTH DAKOTA"
"46079","Lake","SOUTH DAKOTA"
"46081","Lawrence","SOUTH DAKOTA"
"46083","Lincoln","SOUTH DAKOTA"
"46085","Lyman","SOUTH DAKOTA"
"46087","McCook","SOUTH DAKOTA"
"46089","McPherson","SOUTH DAKOTA"
"46091","Marshall","SOUTH DAKOTA"
"46093","Meade","SOUTH DAKOTA"
"46095","Mellette","SOUTH DAKOTA"
"46097","Miner","SOUTH DAKOTA"
"46099","Minnehaha","SOUTH DAKOTA"
"46101","Moody","SOUTH DAKOTA"
"46103","Pennington","SOUTH DAKOTA"
"46105","Perkins","SOUTH DAKOTA"
"46107","Potter","SOUTH DAKOTA"
"46109","Roberts","SOUTH DAKOTA"
"46111","Sanborn","SOUTH DAKOTA"
"46113","Shannon","SOUTH DAKOTA"
"46115","Spink","SOUTH DAKOTA"
"46117","Stanley","SOUTH DAKOTA"
"46119","Sully","SOUTH DAKOTA"
"46121","Todd","SOUTH DAKOTA"
"46123","Tripp","SOUTH DAKOTA"
"46125","Turner","SOUTH DAKOTA"
"46127","Union","SOUTH DAKOTA"
"46129","Walworth","SOUTH DAKOTA"
"46135","Yankton","SOUTH DAKOTA"
"46137","Ziebach","SOUTH DAKOTA"
"47001","Anderson","TENNESSEE"
"47003","Bedford","TENNESSEE"
"47005","Benton","TENNESSEE"
"47007","Bledsoe","TENNESSEE"
"47009","Blount","TENNESSEE"
"47011","Bradley","TENNESSEE"
"47013","Campbell","TENNESSEE"
"47015","Cannon","TENNESSEE"
"47017","Carroll","TENNESSEE"
"47019","Carter","TENNESSEE"
"47021","Cheatham","TENNESSEE"
"47023","Chester","TENNESSEE"
"47025","Claiborne","TENNESSEE"
"47027","Clay","TENNESSEE"
"47029","Cocke","TENNESSEE"
"47031","Coffee","TENNESSEE"
"47033","Crockett","TENNESSEE"
"47035","Cumberland","TENNESSEE"
"47037","Davidson","TENNESSEE"
"47039","Decatur","TENNESSEE"
"47041","De Kalb","TENNESSEE"
"47043","Dickson","TENNESSEE"
"47045","Dyer","TENNESSEE"
"47047","Fayette","TENNESSEE"
"47049","Fentress","TENNESSEE"
"47051","Franklin","TENNESSEE"
"47053","Gibson","TENNESSEE"
"47055","Giles","TENNESSEE"
"47057","Grainger","TENNESSEE"
"47059","Greene","TENNESSEE"
"47061","Grundy","TENNESSEE"
"47063","Hamblen","TENNESSEE"
"47065","Hamilton","TENNESSEE"
"47067","Hancock","TENNESSEE"
"47069","Hardeman","TENNESSEE"
"47071","Hardin","TENNESSEE"
"47073","Hawkins","TENNESSEE"
"47075","Haywood","TENNESSEE"
"47077","Henderson","TENNESSEE"
"47079","Henry","TENNESSEE"
"47081","Hickman","TENNESSEE"
"47083","Houston","TENNESSEE"
"47085","Humphreys","TENNESSEE"
"47087","Jackson","TENNESSEE"
"47089","Jefferson","TENNESSEE"
"47091","Johnson","TENNESSEE"
"47093","Knox","TENNESSEE"
"47095","Lake","TENNESSEE"
"47097","Lauderdale","TENNESSEE"
"47099","Lawrence","TENNESSEE"
"47101","Lewis","TENNESSEE"
"47103","Lincoln","TENNESSEE"
"47105","Loudon","TENNESSEE"
"47107","McMinn","TENNESSEE"
"47109","McNairy","TENNESSEE"
"47111","Macon","TENNESSEE"
"47113","Madison","TENNESSEE"
"47115","Marion","TENNESSEE"
"47117","Marshall","TENNESSEE"
"47119","Maury","TENNESSEE"
"47121","Meigs","TENNESSEE"
"47123","Monroe","TENNESSEE"
"47125","Montgomery","TENNESSEE"
"47127","Moore","TENNESSEE"
"47129","Morgan","TENNESSEE"
"47131","Obion","TENNESSEE"
"47133","Overton","TENNESSEE"
"47135","Perry","TENNESSEE"
"47137","Pickett","TENNESSEE"
"47139","Polk","TENNESSEE"
"47141","Putnam","TENNESSEE"
"47143","Rhea","TENNESSEE"
"47145","Roane","TENNESSEE"
"47147","Robertson","TENNESSEE"
"47149","Rutherford","TENNESSEE"
"47151","Scott","TENNESSEE"
"47153","Sequatchie","TENNESSEE"
"47155","Sevier","TENNESSEE"
"47157","Shelby","TENNESSEE"
"47159","Smith","TENNESSEE"
"47161","Stewart","TENNESSEE"
"47163","Sullivan","TENNESSEE"
"47165","Sumner","TENNESSEE"
"47167","Tipton","TENNESSEE"
"47169","Trousdale","TENNESSEE"
"47171","Unicoi","TENNESSEE"
"47173","Union","TENNESSEE"
"47175","Van Buren","TENNESSEE"
"47177","Warren","TENNESSEE"
"47179","Washington","TENNESSEE"
"47181","Wayne","TENNESSEE"
"47183","Weakley","TENNESSEE"
"47185","White","TENNESSEE"
"47187","Williamson","TENNESSEE"
"47189","Wilson","TENNESSEE"
"48001","Anderson","TEXAS"
"48003","Andrews","TEXAS"
"48005","Angelina","TEXAS"
"48007","Aransas","TEXAS"
"48009","Archer","TEXAS"
"48011","Armstrong","TEXAS"
"48013","Atascosa","TEXAS"
"48015","Austin","TEXAS"
"48017","Bailey","TEXAS"
"48019","Bandera","TEXAS"
"48021","Bastrop","TEXAS"
"48023","Baylor","TEXAS"
"48025","Bee","TEXAS"
"48027","Bell","TEXAS"
"48029","Bexar","TEXAS"
"48031","Blanco","TEXAS"
"48033","Borden","TEXAS"
"48035","Bosque","TEXAS"
"48037","Bowie","TEXAS"
"48039","Brazoria","TEXAS"
"48041","Brazos","TEXAS"
"48043","Brewster","TEXAS"
"48045","Briscoe","TEXAS"
"48047","Brooks","TEXAS"
"48049","Brown","TEXAS"
"48051","Burleson","TEXAS"
"48053","Burnet","TEXAS"
"48055","Caldwell","TEXAS"
"48057","Calhoun","TEXAS"
"48059","Callahan","TEXAS"
"48061","Cameron","TEXAS"
"48063","Camp","TEXAS"
"48065","Carson","TEXAS"
"48067","Cass","TEXAS"
"48069","Castro","TEXAS"
"48071","Chambers","TEXAS"
"48073","Cherokee","TEXAS"
"48075","Childress","TEXAS"
"48077","Clay","TEXAS"
"48079","Cochran","TEXAS"
"48081","Coke","TEXAS"
"48083","Coleman","TEXAS"
"48085","Collin","TEXAS"
"48087","Collingsworth","TEXAS"
"48089","Colorado","TEXAS"
"48091","Comal","TEXAS"
"48093","Comanche","TEXAS"
"48095","Concho","TEXAS"
"48097","Cooke","TEXAS"
"48099","Coryell","TEXAS"
"48101","Cottle","TEXAS"
"48103","Crane","TEXAS"
"48105","Crockett","TEXAS"
"48107","Crosby","TEXAS"
"48109","Culberson","TEXAS"
"48111","Dallam","TEXAS"
"48113","Dallas","TEXAS"
"48115","Dawson","TEXAS"
"48117","Deaf Smith","TEXAS"
"48119","Delta","TEXAS"
"48121","Denton","TEXAS"
"48123","De Witt","TEXAS"
"48125","Dickens","TEXAS"
"48127","Dimmit","TEXAS"
"48129","Donley","TEXAS"
"48131","Duval","TEXAS"
"48133","Eastland","TEXAS"
"48135","Ector","TEXAS"
"48137","Edwards","TEXAS"
"48139","Ellis","TEXAS"
"48141","El Paso","TEXAS"
"48143","Erath","TEXAS"
"48145","Falls","TEXAS"
"48147","Fannin","TEXAS"
"48149","Fayette","TEXAS"
"48151","Fisher","TEXAS"
"48153","Floyd","TEXAS"
"48155","Foard","TEXAS"
"48157","Fort Bend","TEXAS"
"48159","Franklin","TEXAS"
"48161","Freestone","TEXAS"
"48163","Frio","TEXAS"
"48165","Gaines","TEXAS"
"48167","Galveston","TEXAS"
"48169","Garza","TEXAS"
"48171","Gillespie","TEXAS"
"48173","Glasscock","TEXAS"
"48175","Goliad","TEXAS"
"48177","Gonzales","TEXAS"
"48179","Gray","TEXAS"
"48181","Grayson","TEXAS"
"48183","Gregg","TEXAS"
"48185","Grimes","TEXAS"
"48187","Guadalupe","TEXAS"
"48189","Hale","TEXAS"
"48191","Hall","TEXAS"
"48193","Hamilton","TEXAS"
"48195","Hansford","TEXAS"
"48197","Hardeman","TEXAS"
"48199","Hardin","TEXAS"
"48201","Harris","TEXAS"
"48203","Harrison","TEXAS"
"48205","Hartley","TEXAS"
"48207","Haskell","TEXAS"
"48209","Hays","TEXAS"
"48211","Hemphill","TEXAS"
"48213","Henderson","TEXAS"
"48215","Hidalgo","TEXAS"
"48217","Hill","TEXAS"
"48219","Hockley","TEXAS"
"48221","Hood","TEXAS"
"48223","Hopkins","TEXAS"
"48225","Houston","TEXAS"
"48227","Howard","TEXAS"
"48229","Hudspeth","TEXAS"
"48231","Hunt","TEXAS"
"48233","Hutchinson","TEXAS"
"48235","Irion","TEXAS"
"48237","Jack","TEXAS"
"48239","Jackson","TEXAS"
"48241","Jasper","TEXAS"
"48243","Jeff Davis","TEXAS"
"48245","Jefferson","TEXAS"
"48247","Jim Hogg","TEXAS"
"48249","Jim Wells","TEXAS"
"48251","Johnson","TEXAS"
"48253","Jones","TEXAS"
"48255","Karnes","TEXAS"
"48257","Kaufman","TEXAS"
"48259","Kendall","TEXAS"
"48261","Kenedy","TEXAS"
"48263","Kent","TEXAS"
"48265","Kerr","TEXAS"
"48267","Kimble","TEXAS"
"48269","King","TEXAS"
"48271","Kinney","TEXAS"
"48273","Kleberg","TEXAS"
"48275","Knox","TEXAS"
"48277","Lamar","TEXAS"
"48279","Lamb","TEXAS"
"48281","Lampasas","TEXAS"
"48283","La Salle","TEXAS"
"48285","Lavaca","TEXAS"
"48287","Lee","TEXAS"
"48289","Leon","TEXAS"
"48291","Liberty","TEXAS"
"48293","Limestone","TEXAS"
"48295","Lipscomb","TEXAS"
"48297","Live Oak","TEXAS"
"48299","Llano","TEXAS"
"48301","Loving","TEXAS"
"48303","Lubbock","TEXAS"
"48305","Lynn","TEXAS"
"48307","McCulloch","TEXAS"
"48309","McLennan","TEXAS"
"48311","McMullen","TEXAS"
"48313","Madison","TEXAS"
"48315","Marion","TEXAS"
"48317","Martin","TEXAS"
"48319","Mason","TEXAS"
"48321","Matagorda","TEXAS"
"48323","Maverick","TEXAS"
"48325","Medina","TEXAS"
"48327","Menard","TEXAS"
"48329","Midland","TEXAS"
"48331","Milam","TEXAS"
"48333","Mills","TEXAS"
"48335","Mitchell","TEXAS"
"48337","Montague","TEXAS"
"48339","Montgomery","TEXAS"
"48341","Moore","TEXAS"
"48343","Morris","TEXAS"
"48345","Motley","TEXAS"
"48347","Nacogdoches","TEXAS"
"48349","Navarro","TEXAS"
"48351","Newton","TEXAS"
"48353","Nolan","TEXAS"
"48355","Nueces","TEXAS"
"48357","Ochiltree","TEXAS"
"48359","Oldham","TEXAS"
"48361","Orange","TEXAS"
"48363","Palo Pinto","TEXAS"
"48365","Panola","TEXAS"
"48367","Parker","TEXAS"
"48369","Parmer","TEXAS"
"48371","Pecos","TEXAS"
"48373","Polk","TEXAS"
"48375","Potter","TEXAS"
"48377","Presidio","TEXAS"
"48379","Rains","TEXAS"
"48381","Randall","TEXAS"
"48383","Reagan","TEXAS"
"48385","Real","TEXAS"
"48387","Red River","TEXAS"
"48389","Reeves","TEXAS"
"48391","Refugio","TEXAS"
"48393","Roberts","TEXAS"
"48395","Robertson","TEXAS"
"48397","Rockwall","TEXAS"
"48399","Runnels","TEXAS"
"48401","Rusk","TEXAS"
"48403","Sabine","TEXAS"
"48405","San Augustine","TEXAS"
"48407","San Jacinto","TEXAS"
"48409","San Patricio","TEXAS"
"48411","San Saba","TEXAS"
"48413","Schleicher","TEXAS"
"48415","Scurry","TEXAS"
"48417","Shackelford","TEXAS"
"48419","Shelby","TEXAS"
"48421","Sherman","TEXAS"
"48423","Smith","TEXAS"
"48425","Somervell","TEXAS"
"48427","Starr","TEXAS"
"48429","Stephens","TEXAS"
"48431","Sterling","TEXAS"
"48433","Stonewall","TEXAS"
"48435","Sutton","TEXAS"
"48437","Swisher","TEXAS"
"48439","Tarrant","TEXAS"
"48441","Taylor","TEXAS"
"48443","Terrell","TEXAS"
"48445","Terry","TEXAS"
"48447","Throckmorton","TEXAS"
"48449","Titus","TEXAS"
"48451","Tom Green","TEXAS"
"48453","Travis","TEXAS"
"48455","Trinity","TEXAS"
"48457","Tyler","TEXAS"
"48459","Upshur","TEXAS"
"48461","Upton","TEXAS"
"48463","Uvalde","TEXAS"
"48465","Val Verde","TEXAS"
"48467","Van Zandt","TEXAS"
"48469","Victoria","TEXAS"
"48471","Walker","TEXAS"
"48473","Waller","TEXAS"
"48475","Ward","TEXAS"
"48477","Washington","TEXAS"
"48479","Webb","TEXAS"
"48481","Wharton","TEXAS"
"48483","Wheeler","TEXAS"
"48485","Wichita","TEXAS"
"48487","Wilbarger","TEXAS"
"48489","Willacy","TEXAS"
"48491","Williamson","TEXAS"
"48493","Wilson","TEXAS"
"48495","Winkler","TEXAS"
"48497","Wise","TEXAS"
"48499","Wood","TEXAS"
"48501","Yoakum","TEXAS"
"48503","Young","TEXAS"
"48505","Zapata","TEXAS"
"48507","Zavala","TEXAS"
"49001","Beaver","UTAH"
"49003","Box Elder","UTAH"
"49005","Cache","UTAH"
"49007","Carbon","UTAH"
"49009","Daggett","UTAH"
"49011","Davis","UTAH"
"49013","Duchesne","UTAH"
"49015","Emery","UTAH"
"49017","Garfield","UTAH"
"49019","Grand","UTAH"
"49021","Iron","UTAH"
"49023","Juab","UTAH"
"49025","Kane","UTAH"
"49027","Millard","UTAH"
"49029","Morgan","UTAH"
"49031","Piute","UTAH"
"49033","Rich","UTAH"
"49035","Salt Lake","UTAH"
"49037","San Juan","UTAH"
"49039","Sanpete","UTAH"
"49041","Sevier","UTAH"
"49043","Summit","UTAH"
"49045","Tooele","UTAH"
"49047","Uintah","UTAH"
"49049","Utah","UTAH"
"49051","Wasatch","UTAH"
"49053","Washington","UTAH"
"49055","Wayne","UTAH"
"49057","Weber","UTAH"
"50001","Addison","VERMONT"
"50003","Bennington","VERMONT"
"50005","Caledonia","VERMONT"
"50007","Chittenden","VERMONT"
"50009","Essex","VERMONT"
"50011","Franklin","VERMONT"
"50013","Grand Isle","VERMONT"
"50015","Lamoille","VERMONT"
"50017","Orange","VERMONT"
"50019","Orleans","VERMONT"
"50021","Rutland","VERMONT"
"50023","Washington","VERMONT"
"50025","Windham","VERMONT"
"50027","Windsor","VERMONT"
"51001","Accomack","VIRGINIA"
"51003","Albemarle","VIRGINIA"
"51005","Alleghany","VIRGINIA"
"51007","Amelia","VIRGINIA"
"51009","Amherst","VIRGINIA"
"51011","Appomattox","VIRGINIA"
"51013","Arlington","VIRGINIA"
"51015","Augusta","VIRGINIA"
"51017","Bath","VIRGINIA"
"51019","Bedford","VIRGINIA"
"51021","Bland","VIRGINIA"
"51023","Botetourt","VIRGINIA"
"51025","Brunswick","VIRGINIA"
"51027","Buchanan","VIRGINIA"
"51029","Buckingham","VIRGINIA"
"51031","Campbell","VIRGINIA"
"51033","Caroline","VIRGINIA"
"51035","Carroll","VIRGINIA"
"51036","Charles City","VIRGINIA"
"51037","Charlotte","VIRGINIA"
"51041","Chesterfield","VIRGINIA"
"51043","Clarke","VIRGINIA"
"51045","Craig","VIRGINIA"
"51047","Culpeper","VIRGINIA"
"51049","Cumberland","VIRGINIA"
"51051","Dickenson","VIRGINIA"
"51053","Dinwiddie","VIRGINIA"
"51057","Essex","VIRGINIA"
"51059","Fairfax","VIRGINIA"
"51061","Fauquier","VIRGINIA"
"51063","Floyd","VIRGINIA"
"51065","Fluvanna","VIRGINIA"
"51067","Franklin","VIRGINIA"
"51069","Frederick","VIRGINIA"
"51071","Giles","VIRGINIA"
"51073","Gloucester","VIRGINIA"
"51075","Goochland","VIRGINIA"
"51077","Grayson","VIRGINIA"
"51079","Greene","VIRGINIA"
"51081","Greensville","VIRGINIA"
"51083","Halifax","VIRGINIA"
"51085","Hanover","VIRGINIA"
"51087","Henrico","VIRGINIA"
"51089","Henry","VIRGINIA"
"51091","Highland","VIRGINIA"
"51093","Isle of Wight","VIRGINIA"
"51095","James City","VIRGINIA"
"51097","King and Queen","VIRGINIA"
"51099","King George","VIRGINIA"
"51101","King William","VIRGINIA"
"51103","Lancaster","VIRGINIA"
"51105","Lee","VIRGINIA"
"51107","Loudoun","VIRGINIA"
"51109","Louisa","VIRGINIA"
"51111","Lunenburg","VIRGINIA"
"51113","Madison","VIRGINIA"
"51115","Mathews","VIRGINIA"
"51117","Mecklenburg","VIRGINIA"
"51119","Middlesex","VIRGINIA"
"51121","Montgomery","VIRGINIA"
"51125","Nelson","VIRGINIA"
"51127","New Kent","VIRGINIA"
"51131","Northampton","VIRGINIA"
"51133","Northumberland","VIRGINIA"
"51135","Nottoway","VIRGINIA"
"51137","Orange","VIRGINIA"
"51139","Page","VIRGINIA"
"51141","Patrick","VIRGINIA"
"51143","Pittsylvania","VIRGINIA"
"51145","Powhatan","VIRGINIA"
"51147","Prince Edward","VIRGINIA"
"51149","Prince George","VIRGINIA"
"51153","Prince William","VIRGINIA"
"51155","Pulaski","VIRGINIA"
"51157","Rappahannock","VIRGINIA"
"51159","Richmond","VIRGINIA"
"51161","Roanoke","VIRGINIA"
"51163","Rockbridge","VIRGINIA"
"51165","Rockingham","VIRGINIA"
"51167","Russell","VIRGINIA"
"51169","Scott","VIRGINIA"
"51171","Shenandoah","VIRGINIA"
"51173","Smyth","VIRGINIA"
"51175","Southampton","VIRGINIA"
"51177","Spotsylvania","VIRGINIA"
"51179","Stafford","VIRGINIA"
"51181","Surry","VIRGINIA"
"51183","Sussex","VIRGINIA"
"51185","Tazewell","VIRGINIA"
"51187","Warren","VIRGINIA"
"51191","Washington","VIRGINIA"
"51193","Westmoreland","VIRGINIA"
"51195","Wise","VIRGINIA"
"51197","Wythe","VIRGINIA"
"51199","York","VIRGINIA"
"51510","Alexandria City","VIRGINIA"
"51515","Bedford City","VIRGINIA"
"51520","Bristol City","VIRGINIA"
"51530","Buena Vista City","VIRGINIA"
"51540","Charlottesville City","VIRGINIA"
"51550","Chesapeake City","VIRGINIA"
"51560","Clifton Forge City","VIRGINIA"
"51570","Colonial Heights Cit","VIRGINIA"
"51580","Covington City","VIRGINIA"
"51590","Danville City","VIRGINIA"
"51595","Emporia City","VIRGINIA"
"51600","Fairfax City","VIRGINIA"
"51610","Falls Church City","VIRGINIA"
"51620","Franklin City","VIRGINIA"
"51630","Fredericksburg City","VIRGINIA"
"51640","Galax City","VIRGINIA"
"51650","Hampton City","VIRGINIA"
"51660","Harrisonburg City","VIRGINIA"
"51670","Hopewell City","VIRGINIA"
"51678","Lexington City","VIRGINIA"
"51680","Lynchburg City","VIRGINIA"
"51683","Manassas City","VIRGINIA"
"51685","Manassas Park City","VIRGINIA"
"51690","Martinsville City","VIRGINIA"
"51700","Newport News City","VIRGINIA"
"51710","Norfolk City","VIRGINIA"
"51720","Norton City","VIRGINIA"
"51730","Petersburg City","VIRGINIA"
"51735","Poquoson City","VIRGINIA"
"51740","Portsmouth City","VIRGINIA"
"51750","Radford City","VIRGINIA"
"51760","Richmond City","VIRGINIA"
"51770","Roanoke City","VIRGINIA"
"51775","Salem City","VIRGINIA"
"51780","South Boston City","VIRGINIA"
"51790","Staunton City","VIRGINIA"
"51800","Suffolk City","VIRGINIA"
"51810","Virginia Beach City","VIRGINIA"
"51820","Waynesboro City","VIRGINIA"
"51830","Williamsburg City","VIRGINIA"
"51840","Winchester City","VIRGINIA"
"53001","Adams","WASHINGTON"
"53003","Asotin","WASHINGTON"
"53005","Benton","WASHINGTON"
"53007","Chelan","WASHINGTON"
"53009","Clallam","WASHINGTON"
"53011","Clark","WASHINGTON"
"53013","Columbia","WASHINGTON"
"53015","Cowlitz","WASHINGTON"
"53017","Douglas","WASHINGTON"
"53019","Ferry","WASHINGTON"
"53021","Franklin","WASHINGTON"
"53023","Garfield","WASHINGTON"
"53025","Grant","WASHINGTON"
"53027","Grays Harbor","WASHINGTON"
"53029","Island","WASHINGTON"
"53031","Jefferson","WASHINGTON"
"53033","King","WASHINGTON"
"53035","Kitsap","WASHINGTON"
"53037","Kittitas","WASHINGTON"
"53039","Klickitat","WASHINGTON"
"53041","Lewis","WASHINGTON"
"53043","Lincoln","WASHINGTON"
"53045","Mason","WASHINGTON"
"53047","Okanogan","WASHINGTON"
"53049","Pacific","WASHINGTON"
"53051","Pend Oreille","WASHINGTON"
"53053","Pierce","WASHINGTON"
"53055","San Juan","WASHINGTON"
"53057","Skagit","WASHINGTON"
"53059","Skamania","WASHINGTON"
"53061","Snohomish","WASHINGTON"
"53063","Spokane","WASHINGTON"
"53065","Stevens","WASHINGTON"
"53067","Thurston","WASHINGTON"
"53069","Wahkiakum","WASHINGTON"
"53071","Walla Walla","WASHINGTON"
"53073","Whatcom","WASHINGTON"
"53075","Whitman","WASHINGTON"
"53077","Yakima","WASHINGTON"
"54001","Barbour","WEST VIRGINIA"
"54003","Berkeley","WEST VIRGINIA"
"54005","Boone","WEST VIRGINIA"
"54007","Braxton","WEST VIRGINIA"
"54009","Brooke","WEST VIRGINIA"
"54011","Cabell","WEST VIRGINIA"
"54013","Calhoun","WEST VIRGINIA"
"54015","Clay","WEST VIRGINIA"
"54017","Doddridge","WEST VIRGINIA"
"54019","Fayette","WEST VIRGINIA"
"54021","Gilmer","WEST VIRGINIA"
"54023","Grant","WEST VIRGINIA"
"54025","Greenbrier","WEST VIRGINIA"
"54027","Hampshire","WEST VIRGINIA"
"54029","Hancock","WEST VIRGINIA"
"54031","Hardy","WEST VIRGINIA"
"54033","Harrison","WEST VIRGINIA"
"54035","Jackson","WEST VIRGINIA"
"54037","Jefferson","WEST VIRGINIA"
"54039","Kanawha","WEST VIRGINIA"
"54041","Lewis","WEST VIRGINIA"
"54043","Lincoln","WEST VIRGINIA"
"54045","Logan","WEST VIRGINIA"
"54047","McDowell","WEST VIRGINIA"
"54049","Marion","WEST VIRGINIA"
"54051","Marshall","WEST VIRGINIA"
"54053","Mason","WEST VIRGINIA"
"54055","Mercer","WEST VIRGINIA"
"54057","Mineral","WEST VIRGINIA"
"54059","Mingo","WEST VIRGINIA"
"54061","Monongalia","WEST VIRGINIA"
"54063","Monroe","WEST VIRGINIA"
"54065","Morgan","WEST VIRGINIA"
"54067","Nicholas","WEST VIRGINIA"
"54069","Ohio","WEST VIRGINIA"
"54071","Pendleton","WEST VIRGINIA"
"54073","Pleasants","WEST VIRGINIA"
"54075","Pocahontas","WEST VIRGINIA"
"54077","Preston","WEST VIRGINIA"
"54079","Putnam","WEST VIRGINIA"
"54081","Raleigh","WEST VIRGINIA"
"54083","Randolph","WEST VIRGINIA"
"54085","Ritchie","WEST VIRGINIA"
"54087","Roane","WEST VIRGINIA"
"54089","Summers","WEST VIRGINIA"
"54091","Taylor","WEST VIRGINIA"
"54093","Tucker","WEST VIRGINIA"
"54095","Tyler","WEST VIRGINIA"
"54097","Upshur","WEST VIRGINIA"
"54099","Wayne","WEST VIRGINIA"
"54101","Webster","WEST VIRGINIA"
"54103","Wetzel","WEST VIRGINIA"
"54105","Wirt","WEST VIRGINIA"
"54107","Wood","WEST VIRGINIA"
"54109","Wyoming","WEST VIRGINIA"
"55001","Adams","WISCONSIN"
"55003","Ashland","WISCONSIN"
"55005","Barron","WISCONSIN"
"55007","Bayfield","WISCONSIN"
"55009","Brown","WISCONSIN"
"55011","Buffalo","WISCONSIN"
"55013","Burnett","WISCONSIN"
"55015","Calumet","WISCONSIN"
"55017","Chippewa","WISCONSIN"
"55019","Clark","WISCONSIN"
"55021","Columbia","WISCONSIN"
"55023","Crawford","WISCONSIN"
"55025","Dane","WISCONSIN"
"55027","Dodge","WISCONSIN"
"55029","Door","WISCONSIN"
"55031","Douglas","WISCONSIN"
"55033","Dunn","WISCONSIN"
"55035","Eau Claire","WISCONSIN"
"55037","Florence","WISCONSIN"
"55039","Fond du Lac","WISCONSIN"
"55041","Forest","WISCONSIN"
"55043","Grant","WISCONSIN"
"55045","Green","WISCONSIN"
"55047","Green Lake","WISCONSIN"
"55049","Iowa","WISCONSIN"
"55051","Iron","WISCONSIN"
"55053","Jackson","WISCONSIN"
"55055","Jefferson","WISCONSIN"
"55057","Juneau","WISCONSIN"
"55059","Kenosha","WISCONSIN"
"55061","Kewaunee","WISCONSIN"
"55063","La Crosse","WISCONSIN"
"55065","Lafayette","WISCONSIN"
"55067","Langlade","WISCONSIN"
"55069","Lincoln","WISCONSIN"
"55071","Manitowoc","WISCONSIN"
"55073","Marathon","WISCONSIN"
"55075","Marinette","WISCONSIN"
"55077","Marquette","WISCONSIN"
"55078","Menominee","WISCONSIN"
"55079","Milwaukee","WISCONSIN"
"55081","Monroe","WISCONSIN"
"55083","Oconto","WISCONSIN"
"55085","Oneida","WISCONSIN"
"55087","Outagamie","WISCONSIN"
"55089","Ozaukee","WISCONSIN"
"55091","Pepin","WISCONSIN"
"55093","Pierce","WISCONSIN"
"55095","Polk","WISCONSIN"
"55097","Portage","WISCONSIN"
"55099","Price","WISCONSIN"
"55101","Racine","WISCONSIN"
"55103","Richland","WISCONSIN"
"55105","Rock","WISCONSIN"
"55107","Rusk","WISCONSIN"
"55109","St Croix","WISCONSIN"
"55111","Sauk","WISCONSIN"
"55113","Sawyer","WISCONSIN"
"55115","Shawano","WISCONSIN"
"55117","Sheboygan","WISCONSIN"
"55119","Taylor","WISCONSIN"
"55121","Trempealeau","WISCONSIN"
"55123","Vernon","WISCONSIN"
"55125","Vilas","WISCONSIN"
"55127","Walworth","WISCONSIN"
"55129","Washburn","WISCONSIN"
"55131","Washington","WISCONSIN"
"55133","Waukesha","WISCONSIN"
"55135","Waupaca","WISCONSIN"
"55137","Waushara","WISCONSIN"
"55139","Winnebago","WISCONSIN"
"55141","Wood","WISCONSIN"
"56001","Albany","WYOMING"
"56003","Big Horn","WYOMING"
"56005","Campbell","WYOMING"
"56007","Carbon","WYOMING"
"56009","Converse","WYOMING"
"56011","Crook","WYOMING"
"56013","Fremont","WYOMING"
"56015","Goshen","WYOMING"
"56017","Hot Springs","WYOMING"
"56019","Johnson","WYOMING"
"56021","Laramie","WYOMING"
"56023","Lincoln","WYOMING"
"56025","Natrona","WYOMING"
"56027","Niobrara","WYOMING"
"56029","Park","WYOMING"
"56031","Platte","WYOMING"
"56033","Sheridan","WYOMING"
"56035","Sublette","WYOMING"
"56037","Sweetwater","WYOMING"
"56039","Teton","WYOMING"
"56041","Uinta","WYOMING"
"56043","Washakie","WYOMING"
"56045","Weston","WYOMING"
"72001","Adjuntas","PUERTO RICO"
"72003","Aguada","PUERTO RICO"
"72005","Aguadilla","PUERTO RICO"
"72007","Aguas Buenas","PUERTO RICO"
"72009","Aibonito","PUERTO RICO"
"72011","Anasco","PUERTO RICO"
"72013","Arecibo","PUERTO RICO"
"72015","Arroyo","PUERTO RICO"
"72017","Barceloneta","PUERTO RICO"
"72019","Barranquitas","PUERTO RICO"
"72021","Bayamon","PUERTO RICO"
"72023","Cabo Rojo","PUERTO RICO"
"72025","Caguas","PUERTO RICO"
"72027","Camuy","PUERTO RICO"
"72029","Canovanas","PUERTO RICO"
"72031","Carolina","PUERTO RICO"
"72033","Catano","PUERTO RICO"
"72035","Cayey","PUERTO RICO"
"72037","Ceiba","PUERTO RICO"
"72041","Cidra","PUERTO RICO"
"72043","Coamo","PUERTO RICO"
"72045","Comerio","PUERTO RICO"
"72047","Corozal","PUERTO RICO"
"72049","Culebra","PUERTO RICO"
"72051","Dorado","PUERTO RICO"
"72053","Fajardo","PUERTO RICO"
"72054","Florida","PUERTO RICO"
"72055","Guanica","PUERTO RICO"
"72057","Guayama","PUERTO RICO"
"72059","Guayanilla","PUERTO RICO"
"72061","Guaynabo","PUERTO RICO"
"72063","Gurabo","PUERTO RICO"
"72065","Hatillo","PUERTO RICO"
"72067","Hormigueros","PUERTO RICO"
"72071","Isabela","PUERTO RICO"
"72073","Jayuya","PUERTO RICO"
"72075","Juana Diaz","PUERTO RICO"
"72077","Juncos","PUERTO RICO"
"72079","Lajas","PUERTO RICO"
"72081","Lares","PUERTO RICO"
"72083","Las Marias","PUERTO RICO"
"72085","Las Piedras","PUERTO RICO"
"72087","Loiza","PUERTO RICO"
"72089","Luquillo","PUERTO RICO"
"72091","Manati","PUERTO RICO"
"72093","Maricao","PUERTO RICO"
"72095","Maunabo","PUERTO RICO"
"72097","Mayaguez","PUERTO RICO"
"72099","Moca","PUERTO RICO"
"72101","Morovis","PUERTO RICO"
"72103","Nabuabo","PUERTO RICO"
"72105","Naranjito","PUERTO RICO"
"72107","Orocovis","PUERTO RICO"
"72109","Patillas","PUERTO RICO"
"72111","Penuelas","PUERTO RICO"
"72113","Ponce","PUERTO RICO"
"72115","Quebradillas","PUERTO RICO"
"72117","Rincon","PUERTO RICO"
"72119","Rio Grande","PUERTO RICO"
"72121","Sabana Grande","PUERTO RICO"
"72123","Salinas","PUERTO RICO"
"72125","San German","PUERTO RICO"
"72127","San Juan","PUERTO RICO"
"72129","San Lorenzo","PUERTO RICO"
"72131","San Sabastian","PUERTO RICO"
"72133","Santa Isabel","PUERTO RICO"
"72135","Toa Alta","PUERTO RICO"
"72137","Toa Baja","PUERTO RICO"
"72139","Trujillo Alto","PUERTO RICO"
"72141","Utuado","PUERTO RICO"
"72143","Vega Alta","PUERTO RICO"
"72145","Vega Baja","PUERTO RICO"
"72147","Vieques","PUERTO RICO"
"72149","Villalba","PUERTO RICO"
"72151","Yabucoa","PUERTO RICO"
"72153","Yauco","PUERTO RICO"